creator,video_id,frame_path,predicted_label,confidence
..khatho,7538408734909828360,results_4\..khatho\7538408734909828360\frames\7538408734909828360_frame_01.png,female,0.9936
..khatho,7538408734909828360,results_4\..khatho\7538408734909828360\frames\7538408734909828360_frame_02.png,female,0.9885
..khatho,7538408734909828360,results_4\..khatho\7538408734909828360\frames\7538408734909828360_frame_03.png,female,0.9964
..khatho,7538408734909828360,results_4\..khatho\7538408734909828360\frames\7538408734909828360_frame_04.png,female,0.9973
..khatho,7538621837475843335,results_4\..khatho\7538621837475843335\frames\7538621837475843335_frame_01.png,female,0.9973
..khatho,7538621837475843335,results_4\..khatho\7538621837475843335\frames\7538621837475843335_frame_02.png,female,0.9973
..khatho,7538621837475843335,results_4\..khatho\7538621837475843335\frames\7538621837475843335_frame_03.png,female,0.9972
..khatho,7538621837475843335,results_4\..khatho\7538621837475843335\frames\7538621837475843335_frame_04.png,female,0.9977
..khatho,7538667884587879688,results_4\..khatho\7538667884587879688\frames\7538667884587879688_frame_01.png,female,0.7335
..khatho,7538667884587879688,results_4\..khatho\7538667884587879688\frames\7538667884587879688_frame_02.png,female,0.7855
..khatho,7538667884587879688,results_4\..khatho\7538667884587879688\frames\7538667884587879688_frame_03.png,female,0.6469
..khatho,7538667884587879688,results_4\..khatho\7538667884587879688\frames\7538667884587879688_frame_04.png,female,0.6338
100mak_officiel,7512208436642237752,results_4\100mak_officiel\7512208436642237752\frames\7512208436642237752_frame_01.png,female,0.807
100mak_officiel,7512208436642237752,results_4\100mak_officiel\7512208436642237752\frames\7512208436642237752_frame_02.png,female,0.9954
100mak_officiel,7512208436642237752,results_4\100mak_officiel\7512208436642237752\frames\7512208436642237752_frame_03.png,male,0.9832
100mak_officiel,7512208436642237752,results_4\100mak_officiel\7512208436642237752\frames\7512208436642237752_frame_04.png,male,0.9951
100mak_officiel,7515001552768093445,results_4\100mak_officiel\7515001552768093445\frames\7515001552768093445_frame_01.png,male,0.9925
100mak_officiel,7517030733194530053,results_4\100mak_officiel\7517030733194530053\frames\7517030733194530053_frame_01.png,male,0.9754
100mak_officiel,7517030733194530053,results_4\100mak_officiel\7517030733194530053\frames\7517030733194530053_frame_02.png,male,0.9964
100mak_officiel,7517030733194530053,results_4\100mak_officiel\7517030733194530053\frames\7517030733194530053_frame_03.png,male,0.8408
1amnotjamaila,7537166145195920661,results_4\1amnotjamaila\7537166145195920661\frames\7537166145195920661_frame_01.png,female,0.9938
1amnotjamaila,7537166145195920661,results_4\1amnotjamaila\7537166145195920661\frames\7537166145195920661_frame_02.png,female,0.998
1amnotjamaila,7537166145195920661,results_4\1amnotjamaila\7537166145195920661\frames\7537166145195920661_frame_03.png,female,0.9972
1amnotjamaila,7537166145195920661,results_4\1amnotjamaila\7537166145195920661\frames\7537166145195920661_frame_04.png,female,0.9935
9baii7,7538053252114353415,results_4\9baii7\7538053252114353415\frames\7538053252114353415_frame_01.png,female,0.9976
9baii7,7538053252114353415,results_4\9baii7\7538053252114353415\frames\7538053252114353415_frame_02.png,female,0.9975
9baii7,7538053252114353415,results_4\9baii7\7538053252114353415\frames\7538053252114353415_frame_03.png,female,0.9973
9baii7,7538053252114353415,results_4\9baii7\7538053252114353415\frames\7538053252114353415_frame_04.png,female,0.9976
9baii7,7538489726102277397,results_4\9baii7\7538489726102277397\frames\7538489726102277397_frame_03.png,female,0.9921
9baii7,7538489726102277397,results_4\9baii7\7538489726102277397\frames\7538489726102277397_frame_04.png,female,0.9957
_katemarie,7536996338370727199,results_4\_katemarie\7536996338370727199\frames\7536996338370727199_frame_01.png,female,0.993
_katemarie,7536996338370727199,results_4\_katemarie\7536996338370727199\frames\7536996338370727199_frame_02.png,female,0.995
_katemarie,7536996338370727199,results_4\_katemarie\7536996338370727199\frames\7536996338370727199_frame_03.png,female,0.9949
_katemarie,7536996338370727199,results_4\_katemarie\7536996338370727199\frames\7536996338370727199_frame_04.png,female,0.9969
_katemarie,7537899048850771213,results_4\_katemarie\7537899048850771213\frames\7537899048850771213_frame_01.png,female,0.9979
_katemarie,7537899048850771213,results_4\_katemarie\7537899048850771213\frames\7537899048850771213_frame_02.png,female,0.9981
_katemarie,7537899048850771213,results_4\_katemarie\7537899048850771213\frames\7537899048850771213_frame_03.png,female,0.9981
_katemarie,7537899048850771213,results_4\_katemarie\7537899048850771213\frames\7537899048850771213_frame_04.png,female,0.9981
_katemarie,7537902474317942030,results_4\_katemarie\7537902474317942030\frames\7537902474317942030_frame_01.png,female,0.9978
_katemarie,7537902474317942030,results_4\_katemarie\7537902474317942030\frames\7537902474317942030_frame_02.png,female,0.9976
_katemarie,7537902474317942030,results_4\_katemarie\7537902474317942030\frames\7537902474317942030_frame_03.png,female,0.9978
_katemarie,7537902474317942030,results_4\_katemarie\7537902474317942030\frames\7537902474317942030_frame_04.png,female,0.998
abas_vlog,7531112062404021510,results_4\abas_vlog\7531112062404021510\frames\7531112062404021510_frame_01.png,male,0.9978
abas_vlog,7531112062404021510,results_4\abas_vlog\7531112062404021510\frames\7531112062404021510_frame_02.png,male,0.9978
abas_vlog,7531112062404021510,results_4\abas_vlog\7531112062404021510\frames\7531112062404021510_frame_03.png,male,0.998
abas_vlog,7535503057833004306,results_4\abas_vlog\7535503057833004306\frames\7535503057833004306_frame_01.png,male,0.9979
abas_vlog,7535503057833004306,results_4\abas_vlog\7535503057833004306\frames\7535503057833004306_frame_02.png,male,0.9981
abbie_tolentino,7533954587141704967,results_4\abbie_tolentino\7533954587141704967\frames\7533954587141704967_frame_04.png,female,0.9798
abbie_tolentino,7534298453019544840,results_4\abbie_tolentino\7534298453019544840\frames\7534298453019544840_frame_01.png,female,0.998
abbie_tolentino,7534298453019544840,results_4\abbie_tolentino\7534298453019544840\frames\7534298453019544840_frame_02.png,female,0.998
abbie_tolentino,7534298453019544840,results_4\abbie_tolentino\7534298453019544840\frames\7534298453019544840_frame_03.png,female,0.9978
abbie_tolentino,7534298453019544840,results_4\abbie_tolentino\7534298453019544840\frames\7534298453019544840_frame_04.png,female,0.9935
abby_bergman_0,7536116005924261140,results_4\abby_bergman_0\7536116005924261140\frames\7536116005924261140_frame_01.png,female,0.9981
abby_bergman_0,7536116005924261140,results_4\abby_bergman_0\7536116005924261140\frames\7536116005924261140_frame_02.png,female,0.9952
abby_bergman_0,7536116005924261140,results_4\abby_bergman_0\7536116005924261140\frames\7536116005924261140_frame_03.png,female,0.9638
abby_bergman_0,7536116005924261140,results_4\abby_bergman_0\7536116005924261140\frames\7536116005924261140_frame_04.png,female,0.8846
abby_bergman_0,7537204924673690901,results_4\abby_bergman_0\7537204924673690901\frames\7537204924673690901_frame_01.png,female,0.9982
abby_bergman_0,7537204924673690901,results_4\abby_bergman_0\7537204924673690901\frames\7537204924673690901_frame_02.png,female,0.9972
abby_bergman_0,7537204924673690901,results_4\abby_bergman_0\7537204924673690901\frames\7537204924673690901_frame_03.png,female,0.9935
abby_bergman_0,7537204924673690901,results_4\abby_bergman_0\7537204924673690901\frames\7537204924673690901_frame_04.png,female,0.9973
abdoul.fatao.tarn4,7536719468765154566,results_4\abdoul.fatao.tarn4\7536719468765154566\frames\7536719468765154566_frame_01.png,male,0.9971
abdoul.fatao.tarn4,7536719468765154566,results_4\abdoul.fatao.tarn4\7536719468765154566\frames\7536719468765154566_frame_02.png,male,0.9971
abdoul.fatao.tarn4,7536719468765154566,results_4\abdoul.fatao.tarn4\7536719468765154566\frames\7536719468765154566_frame_03.png,male,0.9966
abdoul.fatao.tarn4,7536719468765154566,results_4\abdoul.fatao.tarn4\7536719468765154566\frames\7536719468765154566_frame_04.png,male,0.9967
abdoul.fatao.tarn4,7536720584378518789,results_4\abdoul.fatao.tarn4\7536720584378518789\frames\7536720584378518789_frame_01.png,male,0.9916
abdoul.fatao.tarn4,7536720584378518789,results_4\abdoul.fatao.tarn4\7536720584378518789\frames\7536720584378518789_frame_02.png,male,0.9923
abdoul.fatao.tarn4,7536720584378518789,results_4\abdoul.fatao.tarn4\7536720584378518789\frames\7536720584378518789_frame_03.png,male,0.9937
abdoul.fatao.tarn4,7536720584378518789,results_4\abdoul.fatao.tarn4\7536720584378518789\frames\7536720584378518789_frame_04.png,male,0.9948
abdoul.fatao.tarn4,7538401666647854392,results_4\abdoul.fatao.tarn4\7538401666647854392\frames\7538401666647854392_frame_01.png,female,0.9665
abdoul.fatao.tarn4,7538401666647854392,results_4\abdoul.fatao.tarn4\7538401666647854392\frames\7538401666647854392_frame_02.png,male,0.7308
abdoul.fatao.tarn4,7538401666647854392,results_4\abdoul.fatao.tarn4\7538401666647854392\frames\7538401666647854392_frame_03.png,female,0.898
abdoul.fatao.tarn4,7538401666647854392,results_4\abdoul.fatao.tarn4\7538401666647854392\frames\7538401666647854392_frame_04.png,female,0.5962
aboubacar_aminullah,7532048934647237894,results_4\aboubacar_aminullah\7532048934647237894\frames\7532048934647237894_frame_01.png,male,0.9885
aboubacar_aminullah,7532048934647237894,results_4\aboubacar_aminullah\7532048934647237894\frames\7532048934647237894_frame_02.png,male,0.9835
aboubacar_aminullah,7532048934647237894,results_4\aboubacar_aminullah\7532048934647237894\frames\7532048934647237894_frame_04.png,male,0.9663
adam.digital,7536920740252110098,results_4\adam.digital\7536920740252110098\frames\7536920740252110098_frame_01.png,male,0.9866
adam.digital,7536920740252110098,results_4\adam.digital\7536920740252110098\frames\7536920740252110098_frame_02.png,male,0.7147
adam.digital,7537312138516385032,results_4\adam.digital\7537312138516385032\frames\7537312138516385032_frame_01.png,male,0.9961
adam.digital,7537312138516385032,results_4\adam.digital\7537312138516385032\frames\7537312138516385032_frame_03.png,male,0.9832
adam.digital,7537312138516385032,results_4\adam.digital\7537312138516385032\frames\7537312138516385032_frame_04.png,male,0.9785
adam.digital,7537662474703654152,results_4\adam.digital\7537662474703654152\frames\7537662474703654152_frame_01.png,male,0.9926
adam.digital,7537662474703654152,results_4\adam.digital\7537662474703654152\frames\7537662474703654152_frame_02.png,male,0.9969
adam.digital,7537662474703654152,results_4\adam.digital\7537662474703654152\frames\7537662474703654152_frame_03.png,male,0.995
adam.digital,7537662474703654152,results_4\adam.digital\7537662474703654152\frames\7537662474703654152_frame_04.png,male,0.9818
agentdamion,7410275903210589483,results_4\agentdamion\7410275903210589483\frames\7410275903210589483_frame_02.png,male,0.7517
agentdamion,7410275903210589483,results_4\agentdamion\7410275903210589483\frames\7410275903210589483_frame_03.png,male,0.5222
agentdamion,7436397030269799723,results_4\agentdamion\7436397030269799723\frames\7436397030269799723_frame_01.png,male,0.9424
agentdamion,7436397030269799723,results_4\agentdamion\7436397030269799723\frames\7436397030269799723_frame_04.png,male,0.6212
ageu_ribeiro,7535989895236553989,results_4\ageu_ribeiro\7535989895236553989\frames\7535989895236553989_frame_01.png,male,0.997
ageu_ribeiro,7536737075077434629,results_4\ageu_ribeiro\7536737075077434629\frames\7536737075077434629_frame_01.png,male,0.9975
ageu_ribeiro,7536737075077434629,results_4\ageu_ribeiro\7536737075077434629\frames\7536737075077434629_frame_02.png,male,0.9974
ageu_ribeiro,7537516254509157688,results_4\ageu_ribeiro\7537516254509157688\frames\7537516254509157688_frame_02.png,male,0.9967
aianajuarezofficial,7533259113531198738,results_4\aianajuarezofficial\7533259113531198738\frames\7533259113531198738_frame_01.png,female,0.9932
aianajuarezofficial,7533259113531198738,results_4\aianajuarezofficial\7533259113531198738\frames\7533259113531198738_frame_02.png,female,0.9974
aianajuarezofficial,7533259113531198738,results_4\aianajuarezofficial\7533259113531198738\frames\7533259113531198738_frame_03.png,female,0.9969
aianajuarezofficial,7533259113531198738,results_4\aianajuarezofficial\7533259113531198738\frames\7533259113531198738_frame_04.png,male,0.76
aianajuarezofficial,7535052924016282887,results_4\aianajuarezofficial\7535052924016282887\frames\7535052924016282887_frame_01.png,female,0.9976
aianajuarezofficial,7535052924016282887,results_4\aianajuarezofficial\7535052924016282887\frames\7535052924016282887_frame_02.png,female,0.9978
aianajuarezofficial,7535052924016282887,results_4\aianajuarezofficial\7535052924016282887\frames\7535052924016282887_frame_03.png,female,0.9285
aianajuarezofficial,7535052924016282887,results_4\aianajuarezofficial\7535052924016282887\frames\7535052924016282887_frame_04.png,female,0.9955
aianajuarezofficial,7536210140740062472,results_4\aianajuarezofficial\7536210140740062472\frames\7536210140740062472_frame_01.png,female,0.9976
aianajuarezofficial,7536210140740062472,results_4\aianajuarezofficial\7536210140740062472\frames\7536210140740062472_frame_02.png,female,0.9978
aianajuarezofficial,7536210140740062472,results_4\aianajuarezofficial\7536210140740062472\frames\7536210140740062472_frame_03.png,female,0.998
aianajuarezofficial,7536210140740062472,results_4\aianajuarezofficial\7536210140740062472\frames\7536210140740062472_frame_04.png,female,0.9977
ajmanas.pool,7528858528430296328,results_4\ajmanas.pool\7528858528430296328\frames\7528858528430296328_frame_02.png,female,0.5289
ajmanas.pool,7532883894710897927,results_4\ajmanas.pool\7532883894710897927\frames\7532883894710897927_frame_01.png,male,0.8434
ajmanas.pool,7532883894710897927,results_4\ajmanas.pool\7532883894710897927\frames\7532883894710897927_frame_02.png,female,0.9325
ajmanas.pool,7532883894710897927,results_4\ajmanas.pool\7532883894710897927\frames\7532883894710897927_frame_03.png,male,0.9297
ajmanas.pool,7532883894710897927,results_4\ajmanas.pool\7532883894710897927\frames\7532883894710897927_frame_04.png,male,0.9307
ajmanas.pool,7535407037744712978,results_4\ajmanas.pool\7535407037744712978\frames\7535407037744712978_frame_01.png,male,0.9917
ajmanas.pool,7535407037744712978,results_4\ajmanas.pool\7535407037744712978\frames\7535407037744712978_frame_02.png,male,0.9914
ajmanas.pool,7535407037744712978,results_4\ajmanas.pool\7535407037744712978\frames\7535407037744712978_frame_03.png,male,0.991
ajmanas.pool,7535407037744712978,results_4\ajmanas.pool\7535407037744712978\frames\7535407037744712978_frame_04.png,male,0.9921
alabialasela4,7536311550362258711,results_4\alabialasela4\7536311550362258711\frames\7536311550362258711_frame_01.png,male,0.9971
alabialasela4,7536311550362258711,results_4\alabialasela4\7536311550362258711\frames\7536311550362258711_frame_02.png,male,0.9959
alabialasela4,7536311550362258711,results_4\alabialasela4\7536311550362258711\frames\7536311550362258711_frame_03.png,male,0.996
alabialasela4,7536311550362258711,results_4\alabialasela4\7536311550362258711\frames\7536311550362258711_frame_04.png,male,0.9973
alansleftnu,7535955779778514206,results_4\alansleftnu\7535955779778514206\frames\7535955779778514206_frame_01.png,female,0.8385
alansleftnu,7535955779778514206,results_4\alansleftnu\7535955779778514206\frames\7535955779778514206_frame_02.png,male,0.8806
alansleftnu,7535955779778514206,results_4\alansleftnu\7535955779778514206\frames\7535955779778514206_frame_03.png,male,0.9719
alansleftnu,7535955779778514206,results_4\alansleftnu\7535955779778514206\frames\7535955779778514206_frame_04.png,male,0.9847
alansleftnu,7536311193208687902,results_4\alansleftnu\7536311193208687902\frames\7536311193208687902_frame_01.png,male,0.6948
alansleftnu,7536311193208687902,results_4\alansleftnu\7536311193208687902\frames\7536311193208687902_frame_03.png,male,0.9909
alansleftnu,7536311193208687902,results_4\alansleftnu\7536311193208687902\frames\7536311193208687902_frame_04.png,male,0.9911
alenkahuliganka5,7537242628023225607,results_4\alenkahuliganka5\7537242628023225607\frames\7537242628023225607_frame_01.png,female,0.9806
alenkahuliganka5,7537242628023225607,results_4\alenkahuliganka5\7537242628023225607\frames\7537242628023225607_frame_02.png,female,0.9625
alenkahuliganka5,7537242628023225607,results_4\alenkahuliganka5\7537242628023225607\frames\7537242628023225607_frame_03.png,female,0.9839
alenkahuliganka5,7537242628023225607,results_4\alenkahuliganka5\7537242628023225607\frames\7537242628023225607_frame_04.png,female,0.9563
alenkahuliganka5,7537715107971747090,results_4\alenkahuliganka5\7537715107971747090\frames\7537715107971747090_frame_01.png,female,0.9922
alenkahuliganka5,7537715107971747090,results_4\alenkahuliganka5\7537715107971747090\frames\7537715107971747090_frame_02.png,female,0.9945
alenkahuliganka5,7537715107971747090,results_4\alenkahuliganka5\7537715107971747090\frames\7537715107971747090_frame_03.png,female,0.9809
alenkahuliganka5,7537715107971747090,results_4\alenkahuliganka5\7537715107971747090\frames\7537715107971747090_frame_04.png,female,0.922
alenkahuliganka5,7538369037160549640,results_4\alenkahuliganka5\7538369037160549640\frames\7538369037160549640_frame_01.png,female,0.9824
alenkahuliganka5,7538369037160549640,results_4\alenkahuliganka5\7538369037160549640\frames\7538369037160549640_frame_02.png,female,0.9721
alenkahuliganka5,7538369037160549640,results_4\alenkahuliganka5\7538369037160549640\frames\7538369037160549640_frame_03.png,female,0.9653
alenkahuliganka5,7538369037160549640,results_4\alenkahuliganka5\7538369037160549640\frames\7538369037160549640_frame_04.png,male,0.9979
alicia.s5000,7519982202084510983,results_4\alicia.s5000\7519982202084510983\frames\7519982202084510983_frame_01.png,female,0.9974
alicia.s5000,7519982202084510983,results_4\alicia.s5000\7519982202084510983\frames\7519982202084510983_frame_02.png,male,0.5026
alicia.s5000,7528899754160409864,results_4\alicia.s5000\7528899754160409864\frames\7528899754160409864_frame_01.png,female,0.9975
alicia.s5000,7528899754160409864,results_4\alicia.s5000\7528899754160409864\frames\7528899754160409864_frame_02.png,female,0.9979
alicia.s5000,7528899754160409864,results_4\alicia.s5000\7528899754160409864\frames\7528899754160409864_frame_03.png,female,0.998
alicia.s5000,7528899754160409864,results_4\alicia.s5000\7528899754160409864\frames\7528899754160409864_frame_04.png,female,0.9981
alicia.s5000,7530389619855150344,results_4\alicia.s5000\7530389619855150344\frames\7530389619855150344_frame_01.png,female,0.9978
alicia.s5000,7530389619855150344,results_4\alicia.s5000\7530389619855150344\frames\7530389619855150344_frame_04.png,female,0.9976
alisonwilensky,7518225123304869175,results_4\alisonwilensky\7518225123304869175\frames\7518225123304869175_frame_01.png,female,0.9858
alisonwilensky,7518225123304869175,results_4\alisonwilensky\7518225123304869175\frames\7518225123304869175_frame_02.png,female,0.9965
alisonwilensky,7518225123304869175,results_4\alisonwilensky\7518225123304869175\frames\7518225123304869175_frame_03.png,female,0.9862
alisonwilensky,7518225123304869175,results_4\alisonwilensky\7518225123304869175\frames\7518225123304869175_frame_04.png,male,0.972
alisonwilensky,7519373103600766222,results_4\alisonwilensky\7519373103600766222\frames\7519373103600766222_frame_01.png,female,0.9892
alisonwilensky,7519373103600766222,results_4\alisonwilensky\7519373103600766222\frames\7519373103600766222_frame_02.png,female,0.9969
alisonwilensky,7519373103600766222,results_4\alisonwilensky\7519373103600766222\frames\7519373103600766222_frame_03.png,female,0.9954
alisonwilensky,7519373103600766222,results_4\alisonwilensky\7519373103600766222\frames\7519373103600766222_frame_04.png,female,0.9958
alliecatcosplay,7536332422464523550,results_4\alliecatcosplay\7536332422464523550\frames\7536332422464523550_frame_01.png,female,0.9953
alliecatcosplay,7536332422464523550,results_4\alliecatcosplay\7536332422464523550\frames\7536332422464523550_frame_02.png,female,0.9965
alliecatcosplay,7536332422464523550,results_4\alliecatcosplay\7536332422464523550\frames\7536332422464523550_frame_03.png,female,0.9955
alliecatcosplay,7536332422464523550,results_4\alliecatcosplay\7536332422464523550\frames\7536332422464523550_frame_04.png,female,0.998
alliecatcosplay,7538083483906854175,results_4\alliecatcosplay\7538083483906854175\frames\7538083483906854175_frame_01.png,female,0.9974
alliecatcosplay,7538083483906854175,results_4\alliecatcosplay\7538083483906854175\frames\7538083483906854175_frame_02.png,female,0.9972
alliecatcosplay,7538083483906854175,results_4\alliecatcosplay\7538083483906854175\frames\7538083483906854175_frame_03.png,female,0.997
alliecatcosplay,7538083483906854175,results_4\alliecatcosplay\7538083483906854175\frames\7538083483906854175_frame_04.png,female,0.9976
alliecatcosplay,7538124514274675999,results_4\alliecatcosplay\7538124514274675999\frames\7538124514274675999_frame_01.png,female,0.9975
alliecatcosplay,7538124514274675999,results_4\alliecatcosplay\7538124514274675999\frames\7538124514274675999_frame_02.png,female,0.9976
alliecatcosplay,7538124514274675999,results_4\alliecatcosplay\7538124514274675999\frames\7538124514274675999_frame_03.png,female,0.9976
alliecatcosplay,7538124514274675999,results_4\alliecatcosplay\7538124514274675999\frames\7538124514274675999_frame_04.png,female,0.9976
alliefaithnix,7514534248720682270,results_4\alliefaithnix\7514534248720682270\frames\7514534248720682270_frame_02.png,male,0.5731
alliefaithnix,7514534248720682270,results_4\alliefaithnix\7514534248720682270\frames\7514534248720682270_frame_03.png,male,0.6139
alliefaithnix,7514534248720682270,results_4\alliefaithnix\7514534248720682270\frames\7514534248720682270_frame_04.png,female,0.5164
alliefaithnix,7521449452259855647,results_4\alliefaithnix\7521449452259855647\frames\7521449452259855647_frame_04.png,female,0.7749
alyseee_xofit,7519292528118517006,results_4\alyseee_xofit\7519292528118517006\frames\7519292528118517006_frame_01.png,female,0.9982
alyseee_xofit,7519643467597876493,results_4\alyseee_xofit\7519643467597876493\frames\7519643467597876493_frame_01.png,female,0.9974
alyseee_xofit,7519643467597876493,results_4\alyseee_xofit\7519643467597876493\frames\7519643467597876493_frame_02.png,female,0.9977
alyseee_xofit,7519643467597876493,results_4\alyseee_xofit\7519643467597876493\frames\7519643467597876493_frame_03.png,male,0.8434
amanda_hadzimichalis,7537750886391500046,results_4\amanda_hadzimichalis\7537750886391500046\frames\7537750886391500046_frame_01.png,female,0.9787
amanda_hadzimichalis,7537750886391500046,results_4\amanda_hadzimichalis\7537750886391500046\frames\7537750886391500046_frame_02.png,female,0.9892
amanda_hadzimichalis,7537750886391500046,results_4\amanda_hadzimichalis\7537750886391500046\frames\7537750886391500046_frame_03.png,female,0.9218
amanda_hadzimichalis,7537750886391500046,results_4\amanda_hadzimichalis\7537750886391500046\frames\7537750886391500046_frame_04.png,female,0.9364
amanda_hadzimichalis,7537876055302901005,results_4\amanda_hadzimichalis\7537876055302901005\frames\7537876055302901005_frame_01.png,female,0.9573
amanda_hadzimichalis,7537876055302901005,results_4\amanda_hadzimichalis\7537876055302901005\frames\7537876055302901005_frame_02.png,female,0.9903
amanda_hadzimichalis,7537876055302901005,results_4\amanda_hadzimichalis\7537876055302901005\frames\7537876055302901005_frame_03.png,female,0.9936
amanda_hadzimichalis,7537876055302901005,results_4\amanda_hadzimichalis\7537876055302901005\frames\7537876055302901005_frame_04.png,female,0.9927
amanda_hadzimichalis,7538120504113138957,results_4\amanda_hadzimichalis\7538120504113138957\frames\7538120504113138957_frame_01.png,female,0.9939
amanda_hadzimichalis,7538120504113138957,results_4\amanda_hadzimichalis\7538120504113138957\frames\7538120504113138957_frame_02.png,female,0.9915
amanda_hadzimichalis,7538120504113138957,results_4\amanda_hadzimichalis\7538120504113138957\frames\7538120504113138957_frame_03.png,female,0.996
amanda_hadzimichalis,7538120504113138957,results_4\amanda_hadzimichalis\7538120504113138957\frames\7538120504113138957_frame_04.png,female,0.8939
amberdoigthorne,7493195268276391190,results_4\amberdoigthorne\7493195268276391190\frames\7493195268276391190_frame_01.png,female,0.9975
amberdoigthorne,7493195268276391190,results_4\amberdoigthorne\7493195268276391190\frames\7493195268276391190_frame_02.png,female,0.997
amberdoigthorne,7493195268276391190,results_4\amberdoigthorne\7493195268276391190\frames\7493195268276391190_frame_03.png,female,0.9973
amberdoigthorne,7493195268276391190,results_4\amberdoigthorne\7493195268276391190\frames\7493195268276391190_frame_04.png,female,0.9973
amberdoigthorne,7496172365915671830,results_4\amberdoigthorne\7496172365915671830\frames\7496172365915671830_frame_01.png,male,0.9723
amberdoigthorne,7496172365915671830,results_4\amberdoigthorne\7496172365915671830\frames\7496172365915671830_frame_02.png,male,0.9961
amberdoigthorne,7496172365915671830,results_4\amberdoigthorne\7496172365915671830\frames\7496172365915671830_frame_03.png,male,0.9888
amberdoigthorne,7496172365915671830,results_4\amberdoigthorne\7496172365915671830\frames\7496172365915671830_frame_04.png,male,0.9965
amyh554,7356249135193787653,results_4\amyh554\7356249135193787653\frames\7356249135193787653_frame_01.png,female,0.5655
anas_gm,7477985301344963845,results_4\anas_gm\7477985301344963845\frames\7477985301344963845_frame_02.png,male,0.9954
anas_gm,7477985301344963845,results_4\anas_gm\7477985301344963845\frames\7477985301344963845_frame_03.png,male,0.9936
anas_gm,7477985301344963845,results_4\anas_gm\7477985301344963845\frames\7477985301344963845_frame_04.png,male,0.9968
anas_gm,7482766396858846519,results_4\anas_gm\7482766396858846519\frames\7482766396858846519_frame_02.png,male,0.9955
anas_gm,7482766396858846519,results_4\anas_gm\7482766396858846519\frames\7482766396858846519_frame_03.png,male,0.9981
anas_gm,7482766396858846519,results_4\anas_gm\7482766396858846519\frames\7482766396858846519_frame_04.png,male,0.9962
andellelee,7535595118284262661,results_4\andellelee\7535595118284262661\frames\7535595118284262661_frame_01.png,female,0.9831
andellelee,7535595118284262661,results_4\andellelee\7535595118284262661\frames\7535595118284262661_frame_02.png,female,0.9728
andellelee,7535595118284262661,results_4\andellelee\7535595118284262661\frames\7535595118284262661_frame_03.png,female,0.979
andellelee,7535595118284262661,results_4\andellelee\7535595118284262661\frames\7535595118284262661_frame_04.png,female,0.9806
andellelee,7536339053487082808,results_4\andellelee\7536339053487082808\frames\7536339053487082808_frame_01.png,female,0.9941
andellelee,7536339053487082808,results_4\andellelee\7536339053487082808\frames\7536339053487082808_frame_02.png,female,0.9926
andellelee,7536339053487082808,results_4\andellelee\7536339053487082808\frames\7536339053487082808_frame_03.png,female,0.9941
andellelee,7536339053487082808,results_4\andellelee\7536339053487082808\frames\7536339053487082808_frame_04.png,female,0.9815
andellelee,7537080664403840262,results_4\andellelee\7537080664403840262\frames\7537080664403840262_frame_01.png,female,0.998
andellelee,7537080664403840262,results_4\andellelee\7537080664403840262\frames\7537080664403840262_frame_02.png,female,0.998
andrea_tamasi,7537853798493048119,results_4\andrea_tamasi\7537853798493048119\frames\7537853798493048119_frame_01.png,female,0.8678
andrea_tamasi,7537853798493048119,results_4\andrea_tamasi\7537853798493048119\frames\7537853798493048119_frame_02.png,female,0.9418
andrea_tamasi,7537853798493048119,results_4\andrea_tamasi\7537853798493048119\frames\7537853798493048119_frame_03.png,female,0.96
andrea_tamasi,7537853798493048119,results_4\andrea_tamasi\7537853798493048119\frames\7537853798493048119_frame_04.png,female,0.9631
andrea_tamasi,7538052036227730743,results_4\andrea_tamasi\7538052036227730743\frames\7538052036227730743_frame_01.png,female,0.961
andrea_tamasi,7538052036227730743,results_4\andrea_tamasi\7538052036227730743\frames\7538052036227730743_frame_02.png,female,0.9789
andrea_tamasi,7538052036227730743,results_4\andrea_tamasi\7538052036227730743\frames\7538052036227730743_frame_03.png,female,0.9965
andrea_tamasi,7538052036227730743,results_4\andrea_tamasi\7538052036227730743\frames\7538052036227730743_frame_04.png,female,0.9846
andrea_tamasi,7538247525245996302,results_4\andrea_tamasi\7538247525245996302\frames\7538247525245996302_frame_02.png,male,0.9579
andrea_tamasi,7538247525245996302,results_4\andrea_tamasi\7538247525245996302\frames\7538247525245996302_frame_04.png,female,0.9883
andrew_campen,7538085297624534302,results_4\andrew_campen\7538085297624534302\frames\7538085297624534302_frame_01.png,male,0.9912
andrew_campen,7538085297624534302,results_4\andrew_campen\7538085297624534302\frames\7538085297624534302_frame_02.png,male,0.9961
andrew_campen,7538458433738001694,results_4\andrew_campen\7538458433738001694\frames\7538458433738001694_frame_01.png,male,0.9956
andrew_campen,7538458433738001694,results_4\andrew_campen\7538458433738001694\frames\7538458433738001694_frame_02.png,male,0.7961
andrew_campen,7538458433738001694,results_4\andrew_campen\7538458433738001694\frames\7538458433738001694_frame_03.png,male,0.9131
andrew_campen,7538646287739014431,results_4\andrew_campen\7538646287739014431\frames\7538646287739014431_frame_01.png,male,0.9738
andrew_campen,7538646287739014431,results_4\andrew_campen\7538646287739014431\frames\7538646287739014431_frame_02.png,male,0.8888
andrew_campen,7538646287739014431,results_4\andrew_campen\7538646287739014431\frames\7538646287739014431_frame_03.png,male,0.9978
andrew_campen,7538646287739014431,results_4\andrew_campen\7538646287739014431\frames\7538646287739014431_frame_04.png,male,0.998
angiandderya,7536946043678919958,results_4\angiandderya\7536946043678919958\frames\7536946043678919958_frame_01.png,female,0.9982
angiandderya,7536946043678919958,results_4\angiandderya\7536946043678919958\frames\7536946043678919958_frame_02.png,female,0.9982
angiandderya,7536946043678919958,results_4\angiandderya\7536946043678919958\frames\7536946043678919958_frame_03.png,female,0.998
angiandderya,7536946043678919958,results_4\angiandderya\7536946043678919958\frames\7536946043678919958_frame_04.png,female,0.9979
angiandderya,7537674637661015318,results_4\angiandderya\7537674637661015318\frames\7537674637661015318_frame_01.png,female,0.9781
angiandderya,7537674637661015318,results_4\angiandderya\7537674637661015318\frames\7537674637661015318_frame_03.png,female,0.9974
angiandderya,7537674637661015318,results_4\angiandderya\7537674637661015318\frames\7537674637661015318_frame_04.png,female,0.9968
angiandderya,7537735892656557334,results_4\angiandderya\7537735892656557334\frames\7537735892656557334_frame_01.png,female,0.9981
angiandderya,7537735892656557334,results_4\angiandderya\7537735892656557334\frames\7537735892656557334_frame_02.png,female,0.9981
angiandderya,7537735892656557334,results_4\angiandderya\7537735892656557334\frames\7537735892656557334_frame_03.png,female,0.9978
angiandderya,7537735892656557334,results_4\angiandderya\7537735892656557334\frames\7537735892656557334_frame_04.png,female,0.9978
anhaiden2105,7529867500176051463,results_4\anhaiden2105\7529867500176051463\frames\7529867500176051463_frame_03.png,female,0.9746
anhaiden2105,7529911197370420498,results_4\anhaiden2105\7529911197370420498\frames\7529911197370420498_frame_01.png,male,0.8728
anhaiden2105,7529911197370420498,results_4\anhaiden2105\7529911197370420498\frames\7529911197370420498_frame_02.png,male,0.6586
anhaiden2105,7529911197370420498,results_4\anhaiden2105\7529911197370420498\frames\7529911197370420498_frame_03.png,male,0.8447
anhaiden2105,7529911197370420498,results_4\anhaiden2105\7529911197370420498\frames\7529911197370420498_frame_04.png,male,0.8882
annieshorror_,7537362978023214358,results_4\annieshorror_\7537362978023214358\frames\7537362978023214358_frame_01.png,female,0.998
annieshorror_,7537362978023214358,results_4\annieshorror_\7537362978023214358\frames\7537362978023214358_frame_02.png,female,0.9979
annieshorror_,7537362978023214358,results_4\annieshorror_\7537362978023214358\frames\7537362978023214358_frame_03.png,female,0.9981
annieshorror_,7537362978023214358,results_4\annieshorror_\7537362978023214358\frames\7537362978023214358_frame_04.png,female,0.9977
annieshorror_,7538120642210598166,results_4\annieshorror_\7538120642210598166\frames\7538120642210598166_frame_01.png,female,0.998
annieshorror_,7538120642210598166,results_4\annieshorror_\7538120642210598166\frames\7538120642210598166_frame_02.png,female,0.998
annieshorror_,7538120642210598166,results_4\annieshorror_\7538120642210598166\frames\7538120642210598166_frame_03.png,female,0.9978
annieshorror_,7538120642210598166,results_4\annieshorror_\7538120642210598166\frames\7538120642210598166_frame_04.png,female,0.998
annieshorror_,7538141661902228758,results_4\annieshorror_\7538141661902228758\frames\7538141661902228758_frame_01.png,female,0.9977
annieshorror_,7538141661902228758,results_4\annieshorror_\7538141661902228758\frames\7538141661902228758_frame_02.png,female,0.9978
annieshorror_,7538141661902228758,results_4\annieshorror_\7538141661902228758\frames\7538141661902228758_frame_03.png,female,0.9896
annieshorror_,7538141661902228758,results_4\annieshorror_\7538141661902228758\frames\7538141661902228758_frame_04.png,female,0.9971
antoinepintoofficial,7536355743356734728,results_4\antoinepintoofficial\7536355743356734728\frames\7536355743356734728_frame_01.png,male,0.9929
antoinepintoofficial,7536355743356734728,results_4\antoinepintoofficial\7536355743356734728\frames\7536355743356734728_frame_02.png,male,0.993
antoinepintoofficial,7536355743356734728,results_4\antoinepintoofficial\7536355743356734728\frames\7536355743356734728_frame_03.png,male,0.9914
antoinepintoofficial,7536355743356734728,results_4\antoinepintoofficial\7536355743356734728\frames\7536355743356734728_frame_04.png,female,0.9975
antoinepintoofficial,7537173379657256210,results_4\antoinepintoofficial\7537173379657256210\frames\7537173379657256210_frame_01.png,male,0.9963
antoinepintoofficial,7537173379657256210,results_4\antoinepintoofficial\7537173379657256210\frames\7537173379657256210_frame_02.png,male,0.9795
antoinepintoofficial,7537173379657256210,results_4\antoinepintoofficial\7537173379657256210\frames\7537173379657256210_frame_03.png,female,0.9944
antoinepintoofficial,7537173379657256210,results_4\antoinepintoofficial\7537173379657256210\frames\7537173379657256210_frame_04.png,female,0.9969
antoinepintoofficial,7537536499173133586,results_4\antoinepintoofficial\7537536499173133586\frames\7537536499173133586_frame_01.png,male,0.9492
antoinepintoofficial,7537536499173133586,results_4\antoinepintoofficial\7537536499173133586\frames\7537536499173133586_frame_02.png,male,0.9653
antoinepintoofficial,7537536499173133586,results_4\antoinepintoofficial\7537536499173133586\frames\7537536499173133586_frame_03.png,male,0.9282
antoinepintoofficial,7537536499173133586,results_4\antoinepintoofficial\7537536499173133586\frames\7537536499173133586_frame_04.png,male,0.8912
arnoldsaviour,7536543442147544376,results_4\arnoldsaviour\7536543442147544376\frames\7536543442147544376_frame_01.png,male,0.9944
arnoldsaviour,7536543442147544376,results_4\arnoldsaviour\7536543442147544376\frames\7536543442147544376_frame_02.png,male,0.994
arnoldsaviour,7536543442147544376,results_4\arnoldsaviour\7536543442147544376\frames\7536543442147544376_frame_03.png,male,0.9831
arnoldsaviour,7536543442147544376,results_4\arnoldsaviour\7536543442147544376\frames\7536543442147544376_frame_04.png,male,0.9961
arnoldsaviour,7537332403493293317,results_4\arnoldsaviour\7537332403493293317\frames\7537332403493293317_frame_01.png,male,0.8502
arnoldsaviour,7537332403493293317,results_4\arnoldsaviour\7537332403493293317\frames\7537332403493293317_frame_02.png,male,0.9932
arnoldsaviour,7537332403493293317,results_4\arnoldsaviour\7537332403493293317\frames\7537332403493293317_frame_03.png,male,0.9959
arnoldsaviour,7537332403493293317,results_4\arnoldsaviour\7537332403493293317\frames\7537332403493293317_frame_04.png,male,0.9928
arnoldsaviour,7538412315960462598,results_4\arnoldsaviour\7538412315960462598\frames\7538412315960462598_frame_03.png,male,0.9964
arnoldsaviour,7538412315960462598,results_4\arnoldsaviour\7538412315960462598\frames\7538412315960462598_frame_04.png,male,0.9917
ayatitoual,7329037309813230853,results_4\ayatitoual\7329037309813230853\frames\7329037309813230853_frame_04.png,male,0.5951
ayoubcheri15,7531787364159540498,results_4\ayoubcheri15\7531787364159540498\frames\7531787364159540498_frame_01.png,male,0.9972
ayoubcheri15,7531787364159540498,results_4\ayoubcheri15\7531787364159540498\frames\7531787364159540498_frame_02.png,male,0.998
ayoubcheri15,7531787364159540498,results_4\ayoubcheri15\7531787364159540498\frames\7531787364159540498_frame_03.png,male,0.9978
ayoubcheri15,7531787364159540498,results_4\ayoubcheri15\7531787364159540498\frames\7531787364159540498_frame_04.png,male,0.9976
ayoubcheri15,7536262545565322504,results_4\ayoubcheri15\7536262545565322504\frames\7536262545565322504_frame_01.png,male,0.998
ayoubcheri15,7536262545565322504,results_4\ayoubcheri15\7536262545565322504\frames\7536262545565322504_frame_02.png,male,0.9977
ayoubcheri15,7536262545565322504,results_4\ayoubcheri15\7536262545565322504\frames\7536262545565322504_frame_03.png,male,0.9981
ayoubcheri15,7536262545565322504,results_4\ayoubcheri15\7536262545565322504\frames\7536262545565322504_frame_04.png,male,0.9981
babygirlulee,7523763086961003789,results_4\babygirlulee\7523763086961003789\frames\7523763086961003789_frame_01.png,female,0.9977
babygirlulee,7523763086961003789,results_4\babygirlulee\7523763086961003789\frames\7523763086961003789_frame_02.png,female,0.9976
babygirlulee,7523763086961003789,results_4\babygirlulee\7523763086961003789\frames\7523763086961003789_frame_03.png,female,0.9975
babygirlulee,7523763086961003789,results_4\babygirlulee\7523763086961003789\frames\7523763086961003789_frame_04.png,female,0.9971
babygirlulee,7523775981442567479,results_4\babygirlulee\7523775981442567479\frames\7523775981442567479_frame_01.png,female,0.9982
babygirlulee,7523775981442567479,results_4\babygirlulee\7523775981442567479\frames\7523775981442567479_frame_02.png,female,0.9977
babygirlulee,7523775981442567479,results_4\babygirlulee\7523775981442567479\frames\7523775981442567479_frame_03.png,female,0.9965
babygirlulee,7523775981442567479,results_4\babygirlulee\7523775981442567479\frames\7523775981442567479_frame_04.png,female,0.9978
babygirlulee,7526451851953294606,results_4\babygirlulee\7526451851953294606\frames\7526451851953294606_frame_01.png,female,0.9971
babygirlulee,7526451851953294606,results_4\babygirlulee\7526451851953294606\frames\7526451851953294606_frame_02.png,female,0.9979
babygirlulee,7526451851953294606,results_4\babygirlulee\7526451851953294606\frames\7526451851953294606_frame_03.png,female,0.9979
babygirlulee,7526451851953294606,results_4\babygirlulee\7526451851953294606\frames\7526451851953294606_frame_04.png,female,0.9969
bahram.bahrami.cologne,7527074958573407510,results_4\bahram.bahrami.cologne\7527074958573407510\frames\7527074958573407510_frame_03.png,male,0.8434
bahram.bahrami.cologne,7527074958573407510,results_4\bahram.bahrami.cologne\7527074958573407510\frames\7527074958573407510_frame_04.png,male,0.956
bahram.bahrami.cologne,7535500502302231810,results_4\bahram.bahrami.cologne\7535500502302231810\frames\7535500502302231810_frame_01.png,male,0.998
bahram.bahrami.cologne,7535500502302231810,results_4\bahram.bahrami.cologne\7535500502302231810\frames\7535500502302231810_frame_02.png,male,0.9973
bahram.bahrami.cologne,7535500502302231810,results_4\bahram.bahrami.cologne\7535500502302231810\frames\7535500502302231810_frame_03.png,male,0.9981
bahram.bahrami.cologne,7535500502302231810,results_4\bahram.bahrami.cologne\7535500502302231810\frames\7535500502302231810_frame_04.png,male,0.9975
baonguisnina,7537702468767976711,results_4\baonguisnina\7537702468767976711\frames\7537702468767976711_frame_01.png,female,0.9979
baonguisnina,7537702468767976711,results_4\baonguisnina\7537702468767976711\frames\7537702468767976711_frame_02.png,female,0.9975
baonguisnina,7537702468767976711,results_4\baonguisnina\7537702468767976711\frames\7537702468767976711_frame_03.png,female,0.998
baonguisnina,7537702468767976711,results_4\baonguisnina\7537702468767976711\frames\7537702468767976711_frame_04.png,female,0.9976
baonguisnina,7538388929020579080,results_4\baonguisnina\7538388929020579080\frames\7538388929020579080_frame_01.png,female,0.9977
baonguisnina,7538388929020579080,results_4\baonguisnina\7538388929020579080\frames\7538388929020579080_frame_02.png,female,0.9979
baonguisnina,7538388929020579080,results_4\baonguisnina\7538388929020579080\frames\7538388929020579080_frame_03.png,female,0.9979
baonguisnina,7538388929020579080,results_4\baonguisnina\7538388929020579080\frames\7538388929020579080_frame_04.png,female,0.9903
baonguisnina,7538447655702203669,results_4\baonguisnina\7538447655702203669\frames\7538447655702203669_frame_01.png,female,0.9968
baonguisnina,7538447655702203669,results_4\baonguisnina\7538447655702203669\frames\7538447655702203669_frame_02.png,female,0.9956
baonguisnina,7538447655702203669,results_4\baonguisnina\7538447655702203669\frames\7538447655702203669_frame_04.png,female,0.9976
barcelone121,7503354902362590486,results_4\barcelone121\7503354902362590486\frames\7503354902362590486_frame_01.png,female,0.8576
barcelone121,7503354902362590486,results_4\barcelone121\7503354902362590486\frames\7503354902362590486_frame_02.png,female,0.9187
barcelone121,7503354902362590486,results_4\barcelone121\7503354902362590486\frames\7503354902362590486_frame_03.png,female,0.8951
barcelone121,7503354902362590486,results_4\barcelone121\7503354902362590486\frames\7503354902362590486_frame_04.png,female,0.9904
barsha.panday4,7538285288653704456,results_4\barsha.panday4\7538285288653704456\frames\7538285288653704456_frame_01.png,female,0.9974
barsha.panday4,7538285288653704456,results_4\barsha.panday4\7538285288653704456\frames\7538285288653704456_frame_02.png,female,0.9968
barsha.panday4,7538285288653704456,results_4\barsha.panday4\7538285288653704456\frames\7538285288653704456_frame_03.png,female,0.9973
bayron_c_n7,7535632099412380984,results_4\bayron_c_n7\7535632099412380984\frames\7535632099412380984_frame_04.png,male,0.9124
bayron_c_n7,7537386579678006584,results_4\bayron_c_n7\7537386579678006584\frames\7537386579678006584_frame_02.png,male,0.9965
bayron_c_n7,7537386579678006584,results_4\bayron_c_n7\7537386579678006584\frames\7537386579678006584_frame_03.png,male,0.9963
bayron_c_n7,7537386579678006584,results_4\bayron_c_n7\7537386579678006584\frames\7537386579678006584_frame_04.png,male,0.9964
beautyby.nita,7537452727740222776,results_4\beautyby.nita\7537452727740222776\frames\7537452727740222776_frame_03.png,female,0.9287
beautyby.nita,7537452727740222776,results_4\beautyby.nita\7537452727740222776\frames\7537452727740222776_frame_04.png,female,0.8574
beautyby.nita,7538366736085617926,results_4\beautyby.nita\7538366736085617926\frames\7538366736085617926_frame_01.png,female,0.996
beautyby.nita,7538366736085617926,results_4\beautyby.nita\7538366736085617926\frames\7538366736085617926_frame_02.png,female,0.9947
beautyby.nita,7538366736085617926,results_4\beautyby.nita\7538366736085617926\frames\7538366736085617926_frame_03.png,male,0.9963
beautyby.nita,7538366736085617926,results_4\beautyby.nita\7538366736085617926\frames\7538366736085617926_frame_04.png,male,0.9943
beautyby.nita,7538379072125046021,results_4\beautyby.nita\7538379072125046021\frames\7538379072125046021_frame_01.png,female,0.9973
beautyby.nita,7538379072125046021,results_4\beautyby.nita\7538379072125046021\frames\7538379072125046021_frame_03.png,female,0.9971
beautyby.nita,7538379072125046021,results_4\beautyby.nita\7538379072125046021\frames\7538379072125046021_frame_04.png,female,0.997
beduyzuize,7538031665239657736,results_4\beduyzuize\7538031665239657736\frames\7538031665239657736_frame_01.png,male,0.8374
beduyzuize,7538031665239657736,results_4\beduyzuize\7538031665239657736\frames\7538031665239657736_frame_03.png,female,0.8768
beduyzuize,7538031665239657736,results_4\beduyzuize\7538031665239657736\frames\7538031665239657736_frame_04.png,female,0.5772
beduyzuize,7538089746308828423,results_4\beduyzuize\7538089746308828423\frames\7538089746308828423_frame_01.png,female,0.5263
beduyzuize,7538089746308828423,results_4\beduyzuize\7538089746308828423\frames\7538089746308828423_frame_02.png,female,0.9957
beduyzuize,7538089746308828423,results_4\beduyzuize\7538089746308828423\frames\7538089746308828423_frame_03.png,female,0.9928
beduyzuize,7538089746308828423,results_4\beduyzuize\7538089746308828423\frames\7538089746308828423_frame_04.png,female,0.9717
beduyzuize,7538676023454420231,results_4\beduyzuize\7538676023454420231\frames\7538676023454420231_frame_01.png,male,0.7906
beduyzuize,7538676023454420231,results_4\beduyzuize\7538676023454420231\frames\7538676023454420231_frame_02.png,male,0.9402
beduyzuize,7538676023454420231,results_4\beduyzuize\7538676023454420231\frames\7538676023454420231_frame_03.png,female,0.9213
beduyzuize,7538676023454420231,results_4\beduyzuize\7538676023454420231\frames\7538676023454420231_frame_04.png,male,0.8696
ben_le_patriote,7495011387916225815,results_4\ben_le_patriote\7495011387916225815\frames\7495011387916225815_frame_01.png,male,0.9975
ben_le_patriote,7495011387916225815,results_4\ben_le_patriote\7495011387916225815\frames\7495011387916225815_frame_02.png,male,0.9977
ben_le_patriote,7495011387916225815,results_4\ben_le_patriote\7495011387916225815\frames\7495011387916225815_frame_04.png,male,0.9976
ben_le_patriote,7526901120761941270,results_4\ben_le_patriote\7526901120761941270\frames\7526901120761941270_frame_01.png,male,0.9982
ben_le_patriote,7526901120761941270,results_4\ben_le_patriote\7526901120761941270\frames\7526901120761941270_frame_02.png,male,0.9979
ben_le_patriote,7526901120761941270,results_4\ben_le_patriote\7526901120761941270\frames\7526901120761941270_frame_03.png,male,0.9979
ben_le_patriote,7526901120761941270,results_4\ben_le_patriote\7526901120761941270\frames\7526901120761941270_frame_04.png,male,0.9981
benjaminartssupplier254a,7516521448144391429,results_4\benjaminartssupplier254a\7516521448144391429\frames\7516521448144391429_frame_03.png,male,0.5724
benjaminartssupplier254a,7516521448144391429,results_4\benjaminartssupplier254a\7516521448144391429\frames\7516521448144391429_frame_04.png,male,0.9583
benjaminartssupplier254a,7519036888636837176,results_4\benjaminartssupplier254a\7519036888636837176\frames\7519036888636837176_frame_01.png,male,0.9856
benjaminartssupplier254a,7519040428029529400,results_4\benjaminartssupplier254a\7519040428029529400\frames\7519040428029529400_frame_01.png,male,0.9318
benjaminartssupplier254a,7519040428029529400,results_4\benjaminartssupplier254a\7519040428029529400\frames\7519040428029529400_frame_03.png,male,0.7135
benjaminartssupplier254a,7519040428029529400,results_4\benjaminartssupplier254a\7519040428029529400\frames\7519040428029529400_frame_04.png,male,0.9913
bibaelegante,7536397218127858951,results_4\bibaelegante\7536397218127858951\frames\7536397218127858951_frame_01.png,female,0.9971
bibaelegante,7536397218127858951,results_4\bibaelegante\7536397218127858951\frames\7536397218127858951_frame_02.png,female,0.9963
bibaelegante,7536397218127858951,results_4\bibaelegante\7536397218127858951\frames\7536397218127858951_frame_03.png,female,0.9968
bibaelegante,7536397218127858951,results_4\bibaelegante\7536397218127858951\frames\7536397218127858951_frame_04.png,female,0.9973
bibaelegante,7537492456695287048,results_4\bibaelegante\7537492456695287048\frames\7537492456695287048_frame_01.png,female,0.9976
bibaelegante,7537492456695287048,results_4\bibaelegante\7537492456695287048\frames\7537492456695287048_frame_02.png,female,0.9906
bibaelegante,7537492456695287048,results_4\bibaelegante\7537492456695287048\frames\7537492456695287048_frame_03.png,female,0.9979
bibaelegante,7537492456695287048,results_4\bibaelegante\7537492456695287048\frames\7537492456695287048_frame_04.png,female,0.8727
bibaelegante,7537509725852749074,results_4\bibaelegante\7537509725852749074\frames\7537509725852749074_frame_01.png,female,0.9964
bibaelegante,7537509725852749074,results_4\bibaelegante\7537509725852749074\frames\7537509725852749074_frame_02.png,female,0.9971
bibaelegante,7537509725852749074,results_4\bibaelegante\7537509725852749074\frames\7537509725852749074_frame_03.png,female,0.9971
bibaelegante,7537509725852749074,results_4\bibaelegante\7537509725852749074\frames\7537509725852749074_frame_04.png,female,0.9969
billionairetv,7537028191966416133,results_4\billionairetv\7537028191966416133\frames\7537028191966416133_frame_01.png,male,0.5497
binoddahal242,7518636340129434887,results_4\binoddahal242\7518636340129434887\frames\7518636340129434887_frame_01.png,male,0.9972
binoddahal242,7518636340129434887,results_4\binoddahal242\7518636340129434887\frames\7518636340129434887_frame_02.png,male,0.9974
binoddahal242,7518636340129434887,results_4\binoddahal242\7518636340129434887\frames\7518636340129434887_frame_03.png,male,0.9965
binoddahal242,7518636340129434887,results_4\binoddahal242\7518636340129434887\frames\7518636340129434887_frame_04.png,male,0.9968
bletkaaa,7536227696943238422,results_4\bletkaaa\7536227696943238422\frames\7536227696943238422_frame_01.png,female,0.9979
bletkaaa,7536227696943238422,results_4\bletkaaa\7536227696943238422\frames\7536227696943238422_frame_02.png,female,0.9979
bletkaaa,7536227696943238422,results_4\bletkaaa\7536227696943238422\frames\7536227696943238422_frame_03.png,female,0.9979
bletkaaa,7536227696943238422,results_4\bletkaaa\7536227696943238422\frames\7536227696943238422_frame_04.png,female,0.998
bletkaaa,7536262062129892630,results_4\bletkaaa\7536262062129892630\frames\7536262062129892630_frame_04.png,female,0.9789
bnkteamhihi,7515766890317221138,results_4\bnkteamhihi\7515766890317221138\frames\7515766890317221138_frame_01.png,male,0.9962
bnkteamhihi,7515766890317221138,results_4\bnkteamhihi\7515766890317221138\frames\7515766890317221138_frame_02.png,male,0.9922
bnkteamhihi,7515766890317221138,results_4\bnkteamhihi\7515766890317221138\frames\7515766890317221138_frame_03.png,male,0.9934
bnkteamhihi,7515766890317221138,results_4\bnkteamhihi\7515766890317221138\frames\7515766890317221138_frame_04.png,male,0.9955
boburmma92,7510159680593743111,results_4\boburmma92\7510159680593743111\frames\7510159680593743111_frame_01.png,male,0.9968
boburmma92,7510159680593743111,results_4\boburmma92\7510159680593743111\frames\7510159680593743111_frame_02.png,male,0.9972
boburmma92,7510159680593743111,results_4\boburmma92\7510159680593743111\frames\7510159680593743111_frame_03.png,male,0.9969
boburmma92,7510159680593743111,results_4\boburmma92\7510159680593743111\frames\7510159680593743111_frame_04.png,male,0.9976
boburmma92,7516210510103072018,results_4\boburmma92\7516210510103072018\frames\7516210510103072018_frame_01.png,male,0.9974
boburmma92,7516210510103072018,results_4\boburmma92\7516210510103072018\frames\7516210510103072018_frame_02.png,male,0.9969
boburmma92,7516210510103072018,results_4\boburmma92\7516210510103072018\frames\7516210510103072018_frame_03.png,male,0.9977
boburmma92,7516210510103072018,results_4\boburmma92\7516210510103072018\frames\7516210510103072018_frame_04.png,male,0.9976
boburmma92,7523178194929831175,results_4\boburmma92\7523178194929831175\frames\7523178194929831175_frame_01.png,male,0.9175
boburmma92,7523178194929831175,results_4\boburmma92\7523178194929831175\frames\7523178194929831175_frame_03.png,male,0.9932
boogeraids01,7535353770134342942,results_4\boogeraids01\7535353770134342942\frames\7535353770134342942_frame_02.png,male,0.998
boogeraids01,7535353770134342942,results_4\boogeraids01\7535353770134342942\frames\7535353770134342942_frame_03.png,male,0.998
boogeraids01,7535353770134342942,results_4\boogeraids01\7535353770134342942\frames\7535353770134342942_frame_04.png,male,0.9982
boogeraids01,7537459054398983455,results_4\boogeraids01\7537459054398983455\frames\7537459054398983455_frame_01.png,male,0.9919
budobrothers,7533772075408969016,results_4\budobrothers\7533772075408969016\frames\7533772075408969016_frame_01.png,male,0.9885
budobrothers,7533772075408969016,results_4\budobrothers\7533772075408969016\frames\7533772075408969016_frame_02.png,male,0.998
budobrothers,7533772075408969016,results_4\budobrothers\7533772075408969016\frames\7533772075408969016_frame_03.png,male,0.998
budobrothers,7533772075408969016,results_4\budobrothers\7533772075408969016\frames\7533772075408969016_frame_04.png,male,0.9979
budobrothers,7537715394707066117,results_4\budobrothers\7537715394707066117\frames\7537715394707066117_frame_01.png,male,0.9968
budobrothers,7537715394707066117,results_4\budobrothers\7537715394707066117\frames\7537715394707066117_frame_02.png,male,0.9966
budobrothers,7537715394707066117,results_4\budobrothers\7537715394707066117\frames\7537715394707066117_frame_03.png,male,0.5012
budobrothers,7537715394707066117,results_4\budobrothers\7537715394707066117\frames\7537715394707066117_frame_04.png,male,0.9945
budobrothers,7538410668513332536,results_4\budobrothers\7538410668513332536\frames\7538410668513332536_frame_01.png,male,0.9971
budobrothers,7538410668513332536,results_4\budobrothers\7538410668513332536\frames\7538410668513332536_frame_02.png,male,0.997
budobrothers,7538410668513332536,results_4\budobrothers\7538410668513332536\frames\7538410668513332536_frame_03.png,male,0.9975
budobrothers,7538410668513332536,results_4\budobrothers\7538410668513332536\frames\7538410668513332536_frame_04.png,male,0.9963
callmevaris,7532230841662065951,results_4\callmevaris\7532230841662065951\frames\7532230841662065951_frame_01.png,male,0.9923
callmevaris,7532230841662065951,results_4\callmevaris\7532230841662065951\frames\7532230841662065951_frame_02.png,male,0.9962
callmevaris,7532230841662065951,results_4\callmevaris\7532230841662065951\frames\7532230841662065951_frame_03.png,male,0.9905
callmevaris,7532230841662065951,results_4\callmevaris\7532230841662065951\frames\7532230841662065951_frame_04.png,male,0.6493
callmevaris,7537073344789712159,results_4\callmevaris\7537073344789712159\frames\7537073344789712159_frame_01.png,male,0.9196
callmevaris,7537073344789712159,results_4\callmevaris\7537073344789712159\frames\7537073344789712159_frame_02.png,female,0.9455
callmevaris,7537073344789712159,results_4\callmevaris\7537073344789712159\frames\7537073344789712159_frame_03.png,male,0.6153
callmevaris,7537073344789712159,results_4\callmevaris\7537073344789712159\frames\7537073344789712159_frame_04.png,male,0.9945
camilanel20,7537568924011891976,results_4\camilanel20\7537568924011891976\frames\7537568924011891976_frame_03.png,male,0.606
camilanel20,7537568924011891976,results_4\camilanel20\7537568924011891976\frames\7537568924011891976_frame_04.png,male,0.6533
cancris7,7535431857798647058,results_4\cancris7\7535431857798647058\frames\7535431857798647058_frame_01.png,male,0.8891
cancris7,7535431857798647058,results_4\cancris7\7535431857798647058\frames\7535431857798647058_frame_02.png,male,0.7831
cancris7,7535431857798647058,results_4\cancris7\7535431857798647058\frames\7535431857798647058_frame_03.png,male,0.9856
cancris7,7535431857798647058,results_4\cancris7\7535431857798647058\frames\7535431857798647058_frame_04.png,male,0.9798
cancris7,7535434346631662855,results_4\cancris7\7535434346631662855\frames\7535434346631662855_frame_01.png,male,0.7239
cancris7,7535434346631662855,results_4\cancris7\7535434346631662855\frames\7535434346631662855_frame_02.png,female,0.5013
cancris7,7535434346631662855,results_4\cancris7\7535434346631662855\frames\7535434346631662855_frame_03.png,male,0.981
cancris7,7535434346631662855,results_4\cancris7\7535434346631662855\frames\7535434346631662855_frame_04.png,male,0.8178
cancris7,7538455924931939602,results_4\cancris7\7538455924931939602\frames\7538455924931939602_frame_01.png,male,0.9663
cancris7,7538455924931939602,results_4\cancris7\7538455924931939602\frames\7538455924931939602_frame_02.png,male,0.9735
cancris7,7538455924931939602,results_4\cancris7\7538455924931939602\frames\7538455924931939602_frame_03.png,male,0.9872
cancris7,7538455924931939602,results_4\cancris7\7538455924931939602\frames\7538455924931939602_frame_04.png,male,0.9906
carrieberkk,7538571381080870199,results_4\carrieberkk\7538571381080870199\frames\7538571381080870199_frame_01.png,female,0.5319
carrieberkk,7538571381080870199,results_4\carrieberkk\7538571381080870199\frames\7538571381080870199_frame_02.png,female,0.9931
carrieberkk,7538571381080870199,results_4\carrieberkk\7538571381080870199\frames\7538571381080870199_frame_03.png,female,0.9981
carrieberkk,7538571381080870199,results_4\carrieberkk\7538571381080870199\frames\7538571381080870199_frame_04.png,male,0.7034
catluminati,7533833826754219319,results_4\catluminati\7533833826754219319\frames\7533833826754219319_frame_01.png,male,0.9959
catluminati,7533833826754219319,results_4\catluminati\7533833826754219319\frames\7533833826754219319_frame_02.png,male,0.9919
catluminati,7533833826754219319,results_4\catluminati\7533833826754219319\frames\7533833826754219319_frame_03.png,female,0.5589
catluminati,7533833826754219319,results_4\catluminati\7533833826754219319\frames\7533833826754219319_frame_04.png,male,0.9656
catluminati,7538558922534276407,results_4\catluminati\7538558922534276407\frames\7538558922534276407_frame_01.png,female,0.6266
cboston16,7536770982527143199,results_4\cboston16\7536770982527143199\frames\7536770982527143199_frame_01.png,female,0.9974
cboston16,7536770982527143199,results_4\cboston16\7536770982527143199\frames\7536770982527143199_frame_03.png,female,0.9854
cboston16,7536770982527143199,results_4\cboston16\7536770982527143199\frames\7536770982527143199_frame_04.png,female,0.9957
cboston16,7537437780821937439,results_4\cboston16\7537437780821937439\frames\7537437780821937439_frame_01.png,female,0.998
cboston16,7537437780821937439,results_4\cboston16\7537437780821937439\frames\7537437780821937439_frame_02.png,female,0.9981
cboston16,7537437780821937439,results_4\cboston16\7537437780821937439\frames\7537437780821937439_frame_03.png,female,0.9978
cboston16,7537437780821937439,results_4\cboston16\7537437780821937439\frames\7537437780821937439_frame_04.png,female,0.9979
cboston16,7538594682213846285,results_4\cboston16\7538594682213846285\frames\7538594682213846285_frame_01.png,female,0.998
cboston16,7538594682213846285,results_4\cboston16\7538594682213846285\frames\7538594682213846285_frame_02.png,female,0.998
cboston16,7538594682213846285,results_4\cboston16\7538594682213846285\frames\7538594682213846285_frame_03.png,female,0.9982
cboston16,7538594682213846285,results_4\cboston16\7538594682213846285\frames\7538594682213846285_frame_04.png,female,0.9981
ce.decarla,7538103238298504450,results_4\ce.decarla\7538103238298504450\frames\7538103238298504450_frame_02.png,male,0.7769
ce.decarla,7538103238298504450,results_4\ce.decarla\7538103238298504450\frames\7538103238298504450_frame_03.png,female,0.9967
ce.decarla,7538103238298504450,results_4\ce.decarla\7538103238298504450\frames\7538103238298504450_frame_04.png,female,0.9981
chandrika_keralam,7508818792185629960,results_4\chandrika_keralam\7508818792185629960\frames\7508818792185629960_frame_01.png,female,0.9982
chandrika_keralam,7508818792185629960,results_4\chandrika_keralam\7508818792185629960\frames\7508818792185629960_frame_02.png,female,0.9981
chandrika_keralam,7508818792185629960,results_4\chandrika_keralam\7508818792185629960\frames\7508818792185629960_frame_03.png,female,0.9981
chandrika_keralam,7508818792185629960,results_4\chandrika_keralam\7508818792185629960\frames\7508818792185629960_frame_04.png,female,0.9981
chandrika_keralam,7508820281624988946,results_4\chandrika_keralam\7508820281624988946\frames\7508820281624988946_frame_01.png,female,0.9981
chandrika_keralam,7508820281624988946,results_4\chandrika_keralam\7508820281624988946\frames\7508820281624988946_frame_02.png,female,0.9981
chandrika_keralam,7508820281624988946,results_4\chandrika_keralam\7508820281624988946\frames\7508820281624988946_frame_03.png,female,0.9982
chandrika_keralam,7508820281624988946,results_4\chandrika_keralam\7508820281624988946\frames\7508820281624988946_frame_04.png,female,0.9981
chandrika_keralam,7508824401379380488,results_4\chandrika_keralam\7508824401379380488\frames\7508824401379380488_frame_01.png,female,0.9981
chandrika_keralam,7508824401379380488,results_4\chandrika_keralam\7508824401379380488\frames\7508824401379380488_frame_02.png,female,0.9979
chandrika_keralam,7508824401379380488,results_4\chandrika_keralam\7508824401379380488\frames\7508824401379380488_frame_03.png,female,0.998
chandrika_keralam,7508824401379380488,results_4\chandrika_keralam\7508824401379380488\frames\7508824401379380488_frame_04.png,female,0.9979
chelseareads,7537709035332685069,results_4\chelseareads\7537709035332685069\frames\7537709035332685069_frame_01.png,female,0.9929
chelseareads,7537709035332685069,results_4\chelseareads\7537709035332685069\frames\7537709035332685069_frame_02.png,female,0.9425
chenarabdulqadir4,7538079861475233080,results_4\chenarabdulqadir4\7538079861475233080\frames\7538079861475233080_frame_01.png,male,0.9971
chenarabdulqadir4,7538079861475233080,results_4\chenarabdulqadir4\7538079861475233080\frames\7538079861475233080_frame_02.png,female,0.9949
chenarabdulqadir4,7538079861475233080,results_4\chenarabdulqadir4\7538079861475233080\frames\7538079861475233080_frame_03.png,female,0.996
chenarabdulqadir4,7538079861475233080,results_4\chenarabdulqadir4\7538079861475233080\frames\7538079861475233080_frame_04.png,female,0.9964
chilly2x,7535985167668628767,results_4\chilly2x\7535985167668628767\frames\7535985167668628767_frame_02.png,female,0.6397
chilly2x,7535985167668628767,results_4\chilly2x\7535985167668628767\frames\7535985167668628767_frame_03.png,female,0.9971
chilly2x,7535985167668628767,results_4\chilly2x\7535985167668628767\frames\7535985167668628767_frame_04.png,male,0.9871
chilly2x,7536729641977974046,results_4\chilly2x\7536729641977974046\frames\7536729641977974046_frame_01.png,female,0.5536
chilly2x,7536729641977974046,results_4\chilly2x\7536729641977974046\frames\7536729641977974046_frame_04.png,male,0.9922
christianitycorett,7443867329336823073,results_4\christianitycorett\7443867329336823073\frames\7443867329336823073_frame_01.png,male,0.8642
christianitycorett,7443867329336823073,results_4\christianitycorett\7443867329336823073\frames\7443867329336823073_frame_02.png,male,0.8089
christianitycorett,7443867329336823073,results_4\christianitycorett\7443867329336823073\frames\7443867329336823073_frame_03.png,male,0.822
christianitycorett,7443867329336823073,results_4\christianitycorett\7443867329336823073\frames\7443867329336823073_frame_04.png,male,0.9581
chuy.atleticos.y.refere,7518188731052887327,results_4\chuy.atleticos.y.refere\7518188731052887327\frames\7518188731052887327_frame_01.png,male,0.9943
chuy.atleticos.y.refere,7518188731052887327,results_4\chuy.atleticos.y.refere\7518188731052887327\frames\7518188731052887327_frame_02.png,male,0.9968
chuy.atleticos.y.refere,7518188731052887327,results_4\chuy.atleticos.y.refere\7518188731052887327\frames\7518188731052887327_frame_03.png,male,0.9951
chuy.atleticos.y.refere,7518188731052887327,results_4\chuy.atleticos.y.refere\7518188731052887327\frames\7518188731052887327_frame_04.png,male,0.9969
chuy.atleticos.y.refere,7518420409738399007,results_4\chuy.atleticos.y.refere\7518420409738399007\frames\7518420409738399007_frame_02.png,female,0.7592
chuy.atleticos.y.refere,7518420409738399007,results_4\chuy.atleticos.y.refere\7518420409738399007\frames\7518420409738399007_frame_04.png,female,0.8081
chuy.atleticos.y.refere,7518488228912008478,results_4\chuy.atleticos.y.refere\7518488228912008478\frames\7518488228912008478_frame_01.png,male,0.9943
chuy.atleticos.y.refere,7518488228912008478,results_4\chuy.atleticos.y.refere\7518488228912008478\frames\7518488228912008478_frame_02.png,male,0.9919
chuy.atleticos.y.refere,7518488228912008478,results_4\chuy.atleticos.y.refere\7518488228912008478\frames\7518488228912008478_frame_03.png,male,0.9959
chuy.atleticos.y.refere,7518488228912008478,results_4\chuy.atleticos.y.refere\7518488228912008478\frames\7518488228912008478_frame_04.png,male,0.9958
clipeadoss,7517057064665910534,results_4\clipeadoss\7517057064665910534\frames\7517057064665910534_frame_01.png,male,0.9879
clipeadoss,7517057064665910534,results_4\clipeadoss\7517057064665910534\frames\7517057064665910534_frame_02.png,female,0.8602
clipeadoss,7517057064665910534,results_4\clipeadoss\7517057064665910534\frames\7517057064665910534_frame_03.png,male,0.5122
clipeadoss,7517057064665910534,results_4\clipeadoss\7517057064665910534\frames\7517057064665910534_frame_04.png,female,0.9854
clipeadoss,7520393174985100550,results_4\clipeadoss\7520393174985100550\frames\7520393174985100550_frame_01.png,male,0.9775
clipeadoss,7520393174985100550,results_4\clipeadoss\7520393174985100550\frames\7520393174985100550_frame_02.png,male,0.9834
clipeadoss,7520393174985100550,results_4\clipeadoss\7520393174985100550\frames\7520393174985100550_frame_03.png,male,0.9946
clipeadoss,7520393174985100550,results_4\clipeadoss\7520393174985100550\frames\7520393174985100550_frame_04.png,male,0.9969
clipeadoss,7520768175680523576,results_4\clipeadoss\7520768175680523576\frames\7520768175680523576_frame_01.png,female,0.7781
clipeadoss,7520768175680523576,results_4\clipeadoss\7520768175680523576\frames\7520768175680523576_frame_02.png,female,0.9978
clipeadoss,7520768175680523576,results_4\clipeadoss\7520768175680523576\frames\7520768175680523576_frame_03.png,female,0.9976
clipeadoss,7520768175680523576,results_4\clipeadoss\7520768175680523576\frames\7520768175680523576_frame_04.png,female,0.9979
cocomartin_ccm,7538085122642332946,results_4\cocomartin_ccm\7538085122642332946\frames\7538085122642332946_frame_01.png,female,0.9928
cocomartin_ccm,7538085122642332946,results_4\cocomartin_ccm\7538085122642332946\frames\7538085122642332946_frame_02.png,female,0.9928
cocomartin_ccm,7538085122642332946,results_4\cocomartin_ccm\7538085122642332946\frames\7538085122642332946_frame_03.png,female,0.9964
cocomartin_ccm,7538085122642332946,results_4\cocomartin_ccm\7538085122642332946\frames\7538085122642332946_frame_04.png,female,0.996
cocomartin_ccm,7538410158578257170,results_4\cocomartin_ccm\7538410158578257170\frames\7538410158578257170_frame_01.png,male,0.9573
cocomartin_ccm,7538410158578257170,results_4\cocomartin_ccm\7538410158578257170\frames\7538410158578257170_frame_02.png,female,0.9977
cocomartin_ccm,7538410158578257170,results_4\cocomartin_ccm\7538410158578257170\frames\7538410158578257170_frame_03.png,male,0.8944
cocomartin_ccm,7538410158578257170,results_4\cocomartin_ccm\7538410158578257170\frames\7538410158578257170_frame_04.png,male,0.9701
cocomartin_ccm,7538459855128988936,results_4\cocomartin_ccm\7538459855128988936\frames\7538459855128988936_frame_02.png,male,0.9956
cocomartin_ccm,7538459855128988936,results_4\cocomartin_ccm\7538459855128988936\frames\7538459855128988936_frame_04.png,male,0.9964
cohenvoi.saigon,7500778461913484562,results_4\cohenvoi.saigon\7500778461913484562\frames\7500778461913484562_frame_01.png,female,0.998
cohenvoi.saigon,7500778461913484562,results_4\cohenvoi.saigon\7500778461913484562\frames\7500778461913484562_frame_02.png,female,0.9949
cohenvoi.saigon,7500778461913484562,results_4\cohenvoi.saigon\7500778461913484562\frames\7500778461913484562_frame_03.png,female,0.9209
cohenvoi.saigon,7500778461913484562,results_4\cohenvoi.saigon\7500778461913484562\frames\7500778461913484562_frame_04.png,female,0.9926
cohenvoi.saigon,7502793974806236423,results_4\cohenvoi.saigon\7502793974806236423\frames\7502793974806236423_frame_01.png,male,0.5647
cohenvoi.saigon,7506553276339375367,results_4\cohenvoi.saigon\7506553276339375367\frames\7506553276339375367_frame_01.png,female,0.9934
cohenvoi.saigon,7506553276339375367,results_4\cohenvoi.saigon\7506553276339375367\frames\7506553276339375367_frame_02.png,female,0.9953
cohenvoi.saigon,7506553276339375367,results_4\cohenvoi.saigon\7506553276339375367\frames\7506553276339375367_frame_03.png,female,0.9952
cohenvoi.saigon,7506553276339375367,results_4\cohenvoi.saigon\7506553276339375367\frames\7506553276339375367_frame_04.png,female,0.9959
colleeneferrer,7536886085104798984,results_4\colleeneferrer\7536886085104798984\frames\7536886085104798984_frame_02.png,female,0.9976
cothuymc,7538214742234516754,results_4\cothuymc\7538214742234516754\frames\7538214742234516754_frame_01.png,female,0.9937
cothuymc,7538214742234516754,results_4\cothuymc\7538214742234516754\frames\7538214742234516754_frame_02.png,female,0.9966
cothuymc,7538214742234516754,results_4\cothuymc\7538214742234516754\frames\7538214742234516754_frame_03.png,female,0.9964
cothuymc,7538214742234516754,results_4\cothuymc\7538214742234516754\frames\7538214742234516754_frame_04.png,female,0.9951
cothuymc,7538647579781795079,results_4\cothuymc\7538647579781795079\frames\7538647579781795079_frame_01.png,female,0.9886
cothuymc,7538647579781795079,results_4\cothuymc\7538647579781795079\frames\7538647579781795079_frame_02.png,female,0.9921
cothuymc,7538647579781795079,results_4\cothuymc\7538647579781795079\frames\7538647579781795079_frame_03.png,female,0.9908
cothuymc,7538647579781795079,results_4\cothuymc\7538647579781795079\frames\7538647579781795079_frame_04.png,female,0.9926
cotrim13d,7533711557574790405,results_4\cotrim13d\7533711557574790405\frames\7533711557574790405_frame_03.png,male,0.9977
cotrim13d,7533711557574790405,results_4\cotrim13d\7533711557574790405\frames\7533711557574790405_frame_04.png,male,0.9973
coumbashouse,7538568182894710072,results_4\coumbashouse\7538568182894710072\frames\7538568182894710072_frame_03.png,female,0.655
coumbashouse,7538568182894710072,results_4\coumbashouse\7538568182894710072\frames\7538568182894710072_frame_04.png,female,0.818
coumbashouse,7538660338040868101,results_4\coumbashouse\7538660338040868101\frames\7538660338040868101_frame_01.png,female,0.997
coumbashouse,7538660338040868101,results_4\coumbashouse\7538660338040868101\frames\7538660338040868101_frame_02.png,female,0.9966
coumbashouse,7538660338040868101,results_4\coumbashouse\7538660338040868101\frames\7538660338040868101_frame_03.png,female,0.9975
coumbashouse,7538660338040868101,results_4\coumbashouse\7538660338040868101\frames\7538660338040868101_frame_04.png,female,0.9975
craftylumberjacks,7535160350379920670,results_4\craftylumberjacks\7535160350379920670\frames\7535160350379920670_frame_04.png,male,0.9973
craftylumberjacks,7538510401957268766,results_4\craftylumberjacks\7538510401957268766\frames\7538510401957268766_frame_01.png,male,0.5276
crazydaisymiami21,7519463295284235550,results_4\crazydaisymiami21\7519463295284235550\frames\7519463295284235550_frame_01.png,female,0.9965
crazydaisymiami21,7519463295284235550,results_4\crazydaisymiami21\7519463295284235550\frames\7519463295284235550_frame_02.png,female,0.997
crazydaisymiami21,7519463531406724382,results_4\crazydaisymiami21\7519463531406724382\frames\7519463531406724382_frame_01.png,female,0.9965
crazydaisymiami21,7519463531406724382,results_4\crazydaisymiami21\7519463531406724382\frames\7519463531406724382_frame_02.png,female,0.997
csecseattila,7525106058470116630,results_4\csecseattila\7525106058470116630\frames\7525106058470116630_frame_01.png,male,0.9979
csecseattila,7525106058470116630,results_4\csecseattila\7525106058470116630\frames\7525106058470116630_frame_02.png,male,0.968
csecseattila,7525106058470116630,results_4\csecseattila\7525106058470116630\frames\7525106058470116630_frame_03.png,male,0.9974
csecseattila,7525106058470116630,results_4\csecseattila\7525106058470116630\frames\7525106058470116630_frame_04.png,male,0.9972
csecseattila,7533656555359685910,results_4\csecseattila\7533656555359685910\frames\7533656555359685910_frame_01.png,male,0.9974
csecseattila,7533656555359685910,results_4\csecseattila\7533656555359685910\frames\7533656555359685910_frame_02.png,male,0.9881
csecseattila,7533656555359685910,results_4\csecseattila\7533656555359685910\frames\7533656555359685910_frame_03.png,male,0.966
csecseattila,7533656555359685910,results_4\csecseattila\7533656555359685910\frames\7533656555359685910_frame_04.png,male,0.9974
csecseattila,7536994179147255062,results_4\csecseattila\7536994179147255062\frames\7536994179147255062_frame_01.png,male,0.9979
csecseattila,7536994179147255062,results_4\csecseattila\7536994179147255062\frames\7536994179147255062_frame_02.png,female,0.9982
csecseattila,7536994179147255062,results_4\csecseattila\7536994179147255062\frames\7536994179147255062_frame_03.png,male,0.9979
csecseattila,7536994179147255062,results_4\csecseattila\7536994179147255062\frames\7536994179147255062_frame_04.png,female,0.9978
da.rafiki,7451215390966828334,results_4\da.rafiki\7451215390966828334\frames\7451215390966828334_frame_04.png,female,0.5512
da.rafiki,7499930569048952107,results_4\da.rafiki\7499930569048952107\frames\7499930569048952107_frame_02.png,female,0.5373
da.rafiki,7499930569048952107,results_4\da.rafiki\7499930569048952107\frames\7499930569048952107_frame_03.png,male,0.9773
da.rafiki,7499930569048952107,results_4\da.rafiki\7499930569048952107\frames\7499930569048952107_frame_04.png,male,0.9453
da.rafiki,7524410771036458253,results_4\da.rafiki\7524410771036458253\frames\7524410771036458253_frame_01.png,female,0.9476
da.rafiki,7524410771036458253,results_4\da.rafiki\7524410771036458253\frames\7524410771036458253_frame_02.png,female,0.9818
da.rafiki,7524410771036458253,results_4\da.rafiki\7524410771036458253\frames\7524410771036458253_frame_03.png,female,0.9576
da.rafiki,7524410771036458253,results_4\da.rafiki\7524410771036458253\frames\7524410771036458253_frame_04.png,female,0.9853
dailychoirs,7531657080810392854,results_4\dailychoirs\7531657080810392854\frames\7531657080810392854_frame_01.png,male,0.6369
dailychoirs,7531657080810392854,results_4\dailychoirs\7531657080810392854\frames\7531657080810392854_frame_02.png,female,0.5309
dailychoirs,7531657080810392854,results_4\dailychoirs\7531657080810392854\frames\7531657080810392854_frame_03.png,female,0.5324
dailychoirs,7531657080810392854,results_4\dailychoirs\7531657080810392854\frames\7531657080810392854_frame_04.png,female,0.8413
daliparedes94,7536031564950424837,results_4\daliparedes94\7536031564950424837\frames\7536031564950424837_frame_01.png,female,0.9982
daliparedes94,7536031564950424837,results_4\daliparedes94\7536031564950424837\frames\7536031564950424837_frame_04.png,female,0.997
daliparedes94,7536355449482808582,results_4\daliparedes94\7536355449482808582\frames\7536355449482808582_frame_03.png,female,0.998
daliparedes94,7536707812211035397,results_4\daliparedes94\7536707812211035397\frames\7536707812211035397_frame_04.png,male,0.8358
deborahteran26,7536384270533741830,results_4\deborahteran26\7536384270533741830\frames\7536384270533741830_frame_01.png,female,0.9979
deborahteran26,7536384270533741830,results_4\deborahteran26\7536384270533741830\frames\7536384270533741830_frame_02.png,female,0.9969
deborahteran26,7536384270533741830,results_4\deborahteran26\7536384270533741830\frames\7536384270533741830_frame_03.png,female,0.9973
deborahteran26,7536384270533741830,results_4\deborahteran26\7536384270533741830\frames\7536384270533741830_frame_04.png,female,0.9975
deborahteran26,7538602008144547078,results_4\deborahteran26\7538602008144547078\frames\7538602008144547078_frame_01.png,female,0.9967
deborahteran26,7538602008144547078,results_4\deborahteran26\7538602008144547078\frames\7538602008144547078_frame_02.png,female,0.9956
deborahteran26,7538602008144547078,results_4\deborahteran26\7538602008144547078\frames\7538602008144547078_frame_03.png,female,0.9963
dejjanicole,7537054154909289783,results_4\dejjanicole\7537054154909289783\frames\7537054154909289783_frame_01.png,female,0.9871
dejjanicole,7537054154909289783,results_4\dejjanicole\7537054154909289783\frames\7537054154909289783_frame_02.png,female,0.9932
dejjanicole,7537210564414557453,results_4\dejjanicole\7537210564414557453\frames\7537210564414557453_frame_01.png,female,0.9848
dejjanicole,7537210564414557453,results_4\dejjanicole\7537210564414557453\frames\7537210564414557453_frame_02.png,female,0.992
dejjanicole,7537210564414557453,results_4\dejjanicole\7537210564414557453\frames\7537210564414557453_frame_03.png,female,0.9856
dejjanicole,7537210564414557453,results_4\dejjanicole\7537210564414557453\frames\7537210564414557453_frame_04.png,female,0.998
dejjanicole,7537238064310144286,results_4\dejjanicole\7537238064310144286\frames\7537238064310144286_frame_01.png,female,0.9968
dejjanicole,7537238064310144286,results_4\dejjanicole\7537238064310144286\frames\7537238064310144286_frame_02.png,female,0.9939
dejjanicole,7537238064310144286,results_4\dejjanicole\7537238064310144286\frames\7537238064310144286_frame_03.png,female,0.9976
dejjanicole,7537238064310144286,results_4\dejjanicole\7537238064310144286\frames\7537238064310144286_frame_04.png,female,0.9977
denmark921,7516941128210418977,results_4\denmark921\7516941128210418977\frames\7516941128210418977_frame_01.png,female,0.5181
denmark921,7516941128210418977,results_4\denmark921\7516941128210418977\frames\7516941128210418977_frame_04.png,male,0.8403
destinylashaemakeup,7525612880947973431,results_4\destinylashaemakeup\7525612880947973431\frames\7525612880947973431_frame_01.png,female,0.88
destinylashaemakeup,7525612880947973431,results_4\destinylashaemakeup\7525612880947973431\frames\7525612880947973431_frame_04.png,female,0.6063
diaryoflalalindseay,7532561582740540686,results_4\diaryoflalalindseay\7532561582740540686\frames\7532561582740540686_frame_01.png,female,0.9857
diaryoflalalindseay,7532561582740540686,results_4\diaryoflalalindseay\7532561582740540686\frames\7532561582740540686_frame_02.png,female,0.9952
diaryoflalalindseay,7532561582740540686,results_4\diaryoflalalindseay\7532561582740540686\frames\7532561582740540686_frame_03.png,female,0.9768
diaryoflalalindseay,7532561582740540686,results_4\diaryoflalalindseay\7532561582740540686\frames\7532561582740540686_frame_04.png,female,0.9677
diaryoflalalindseay,7533725101288721677,results_4\diaryoflalalindseay\7533725101288721677\frames\7533725101288721677_frame_01.png,female,0.9977
diaryoflalalindseay,7533725101288721677,results_4\diaryoflalalindseay\7533725101288721677\frames\7533725101288721677_frame_02.png,female,0.9979
diaryoflalalindseay,7533725101288721677,results_4\diaryoflalalindseay\7533725101288721677\frames\7533725101288721677_frame_03.png,female,0.9974
diaryoflalalindseay,7533725101288721677,results_4\diaryoflalalindseay\7533725101288721677\frames\7533725101288721677_frame_04.png,female,0.998
diaryoflalalindseay,7537726001904667935,results_4\diaryoflalalindseay\7537726001904667935\frames\7537726001904667935_frame_01.png,female,0.9976
diaryoflalalindseay,7537726001904667935,results_4\diaryoflalalindseay\7537726001904667935\frames\7537726001904667935_frame_02.png,female,0.9961
diaryoflalalindseay,7537726001904667935,results_4\diaryoflalalindseay\7537726001904667935\frames\7537726001904667935_frame_03.png,female,0.9957
dimashreim,7535772839438486785,results_4\dimashreim\7535772839438486785\frames\7535772839438486785_frame_01.png,female,0.9979
dimashreim,7535772839438486785,results_4\dimashreim\7535772839438486785\frames\7535772839438486785_frame_02.png,female,0.998
dimashreim,7535772839438486785,results_4\dimashreim\7535772839438486785\frames\7535772839438486785_frame_03.png,female,0.9981
dimashreim,7535772839438486785,results_4\dimashreim\7535772839438486785\frames\7535772839438486785_frame_04.png,female,0.9982
dimashreim,7538425996265983248,results_4\dimashreim\7538425996265983248\frames\7538425996265983248_frame_01.png,female,0.998
dimashreim,7538425996265983248,results_4\dimashreim\7538425996265983248\frames\7538425996265983248_frame_02.png,female,0.9981
dimashreim,7538425996265983248,results_4\dimashreim\7538425996265983248\frames\7538425996265983248_frame_03.png,female,0.9981
dimashreim,7538425996265983248,results_4\dimashreim\7538425996265983248\frames\7538425996265983248_frame_04.png,female,0.998
djhugogt,7460603545214307630,results_4\djhugogt\7460603545214307630\frames\7460603545214307630_frame_01.png,male,0.9977
djhugogt,7460603545214307630,results_4\djhugogt\7460603545214307630\frames\7460603545214307630_frame_02.png,male,0.9976
djhugogt,7460603545214307630,results_4\djhugogt\7460603545214307630\frames\7460603545214307630_frame_03.png,male,0.9976
djhugogt,7460603545214307630,results_4\djhugogt\7460603545214307630\frames\7460603545214307630_frame_04.png,male,0.9977
dkhongan,7525424461571476744,results_4\dkhongan\7525424461571476744\frames\7525424461571476744_frame_01.png,female,0.978
dkhongan,7525424461571476744,results_4\dkhongan\7525424461571476744\frames\7525424461571476744_frame_02.png,female,0.9832
dkhongan,7525424461571476744,results_4\dkhongan\7525424461571476744\frames\7525424461571476744_frame_03.png,female,0.9965
dkhongan,7537161334471888146,results_4\dkhongan\7537161334471888146\frames\7537161334471888146_frame_01.png,female,0.9979
dkhongan,7537161334471888146,results_4\dkhongan\7537161334471888146\frames\7537161334471888146_frame_02.png,female,0.9979
dkhongan,7537161334471888146,results_4\dkhongan\7537161334471888146\frames\7537161334471888146_frame_03.png,female,0.9981
dkhongan,7537161334471888146,results_4\dkhongan\7537161334471888146\frames\7537161334471888146_frame_04.png,female,0.997
dkhongan,7538268961411058952,results_4\dkhongan\7538268961411058952\frames\7538268961411058952_frame_01.png,female,0.9829
dkhongan,7538268961411058952,results_4\dkhongan\7538268961411058952\frames\7538268961411058952_frame_02.png,female,0.9918
dmitroignatov,7486074950412012855,results_4\dmitroignatov\7486074950412012855\frames\7486074950412012855_frame_01.png,male,0.998
dmitroignatov,7486074950412012855,results_4\dmitroignatov\7486074950412012855\frames\7486074950412012855_frame_02.png,male,0.9979
dmitroignatov,7486074950412012855,results_4\dmitroignatov\7486074950412012855\frames\7486074950412012855_frame_03.png,male,0.9977
dmitroignatov,7486074950412012855,results_4\dmitroignatov\7486074950412012855\frames\7486074950412012855_frame_04.png,male,0.9977
dmitroignatov,7487118326074739973,results_4\dmitroignatov\7487118326074739973\frames\7487118326074739973_frame_01.png,male,0.9963
dmitroignatov,7487118326074739973,results_4\dmitroignatov\7487118326074739973\frames\7487118326074739973_frame_02.png,male,0.997
dmitroignatov,7487118326074739973,results_4\dmitroignatov\7487118326074739973\frames\7487118326074739973_frame_03.png,male,0.997
dmitroignatov,7487118326074739973,results_4\dmitroignatov\7487118326074739973\frames\7487118326074739973_frame_04.png,male,0.9966
dozoboss1,7528149149653454136,results_4\dozoboss1\7528149149653454136\frames\7528149149653454136_frame_01.png,male,0.9873
dozoboss1,7528149149653454136,results_4\dozoboss1\7528149149653454136\frames\7528149149653454136_frame_02.png,male,0.9902
dozoboss1,7528149149653454136,results_4\dozoboss1\7528149149653454136\frames\7528149149653454136_frame_03.png,male,0.9856
dozoboss1,7528149149653454136,results_4\dozoboss1\7528149149653454136\frames\7528149149653454136_frame_04.png,male,0.9937
dozoboss1,7531379052284939526,results_4\dozoboss1\7531379052284939526\frames\7531379052284939526_frame_01.png,male,0.9881
dozoboss1,7531379052284939526,results_4\dozoboss1\7531379052284939526\frames\7531379052284939526_frame_02.png,female,0.5169
dozoboss1,7531379052284939526,results_4\dozoboss1\7531379052284939526\frames\7531379052284939526_frame_04.png,male,0.5159
dozoboss1,7535845901689048376,results_4\dozoboss1\7535845901689048376\frames\7535845901689048376_frame_04.png,male,0.5748
dr.jessy09,7536844586967190840,results_4\dr.jessy09\7536844586967190840\frames\7536844586967190840_frame_01.png,female,0.9973
dr.jessy09,7536844586967190840,results_4\dr.jessy09\7536844586967190840\frames\7536844586967190840_frame_02.png,female,0.994
dr.jessy09,7536844586967190840,results_4\dr.jessy09\7536844586967190840\frames\7536844586967190840_frame_03.png,female,0.9979
dr.jessy09,7536844586967190840,results_4\dr.jessy09\7536844586967190840\frames\7536844586967190840_frame_04.png,female,0.9961
dr_afiya_sadiqi,7530941803537632520,results_4\dr_afiya_sadiqi\7530941803537632520\frames\7530941803537632520_frame_01.png,male,0.9968
dr_afiya_sadiqi,7530941803537632520,results_4\dr_afiya_sadiqi\7530941803537632520\frames\7530941803537632520_frame_02.png,male,0.9971
dr_afiya_sadiqi,7530941803537632520,results_4\dr_afiya_sadiqi\7530941803537632520\frames\7530941803537632520_frame_04.png,male,0.9858
dr_afiya_sadiqi,7531992962453081351,results_4\dr_afiya_sadiqi\7531992962453081351\frames\7531992962453081351_frame_01.png,female,0.8232
dr_afiya_sadiqi,7531992962453081351,results_4\dr_afiya_sadiqi\7531992962453081351\frames\7531992962453081351_frame_02.png,male,0.6131
dr_afiya_sadiqi,7531992962453081351,results_4\dr_afiya_sadiqi\7531992962453081351\frames\7531992962453081351_frame_03.png,female,0.9875
dr_afiya_sadiqi,7531992962453081351,results_4\dr_afiya_sadiqi\7531992962453081351\frames\7531992962453081351_frame_04.png,male,0.8298
drareejzulfiqar,7529974929547218193,results_4\drareejzulfiqar\7529974929547218193\frames\7529974929547218193_frame_01.png,female,0.9943
drareejzulfiqar,7529974929547218193,results_4\drareejzulfiqar\7529974929547218193\frames\7529974929547218193_frame_02.png,female,0.9938
drareejzulfiqar,7529974929547218193,results_4\drareejzulfiqar\7529974929547218193\frames\7529974929547218193_frame_03.png,female,0.9932
drareejzulfiqar,7529974929547218193,results_4\drareejzulfiqar\7529974929547218193\frames\7529974929547218193_frame_04.png,female,0.994
drukpa0296,7511791608434756910,results_4\drukpa0296\7511791608434756910\frames\7511791608434756910_frame_01.png,male,0.575
dudufootz,7538192773514677560,results_4\dudufootz\7538192773514677560\frames\7538192773514677560_frame_01.png,male,0.9975
dudufootz,7538192773514677560,results_4\dudufootz\7538192773514677560\frames\7538192773514677560_frame_02.png,male,0.9975
dudufootz,7538192773514677560,results_4\dudufootz\7538192773514677560\frames\7538192773514677560_frame_03.png,male,0.9976
dudufootz,7538192773514677560,results_4\dudufootz\7538192773514677560\frames\7538192773514677560_frame_04.png,male,0.9966
dudufootz,7538464072551976198,results_4\dudufootz\7538464072551976198\frames\7538464072551976198_frame_02.png,male,0.9971
dudufootz,7538464072551976198,results_4\dudufootz\7538464072551976198\frames\7538464072551976198_frame_03.png,male,0.9925
dudufootz,7538464072551976198,results_4\dudufootz\7538464072551976198\frames\7538464072551976198_frame_04.png,male,0.993
dudufootz,7538502843859225862,results_4\dudufootz\7538502843859225862\frames\7538502843859225862_frame_02.png,male,0.8914
duongsinhcoba,7533421180821228808,results_4\duongsinhcoba\7533421180821228808\frames\7533421180821228808_frame_04.png,female,0.5467
duydocau,7534684225920863496,results_4\duydocau\7534684225920863496\frames\7534684225920863496_frame_01.png,male,0.5134
duydocau,7534684225920863496,results_4\duydocau\7534684225920863496\frames\7534684225920863496_frame_02.png,male,0.9838
duydocau,7534684225920863496,results_4\duydocau\7534684225920863496\frames\7534684225920863496_frame_03.png,male,0.9835
duydocau,7534684225920863496,results_4\duydocau\7534684225920863496\frames\7534684225920863496_frame_04.png,male,0.9813
duydocau,7538389855651319047,results_4\duydocau\7538389855651319047\frames\7538389855651319047_frame_01.png,male,0.9963
duydocau,7538389855651319047,results_4\duydocau\7538389855651319047\frames\7538389855651319047_frame_02.png,male,0.9975
duydocau,7538389855651319047,results_4\duydocau\7538389855651319047\frames\7538389855651319047_frame_03.png,male,0.9967
duydocau,7538389855651319047,results_4\duydocau\7538389855651319047\frames\7538389855651319047_frame_04.png,male,0.9967
elijahxsired,7535207820090838274,results_4\elijahxsired\7535207820090838274\frames\7535207820090838274_frame_01.png,male,0.994
elijahxsired,7535207820090838274,results_4\elijahxsired\7535207820090838274\frames\7535207820090838274_frame_02.png,male,0.9972
elijahxsired,7535207820090838274,results_4\elijahxsired\7535207820090838274\frames\7535207820090838274_frame_03.png,male,0.9972
elijahxsired,7535207820090838274,results_4\elijahxsired\7535207820090838274\frames\7535207820090838274_frame_04.png,male,0.9962
elijahxsired,7537411251823987990,results_4\elijahxsired\7537411251823987990\frames\7537411251823987990_frame_01.png,female,0.9977
elijahxsired,7537411251823987990,results_4\elijahxsired\7537411251823987990\frames\7537411251823987990_frame_02.png,female,0.9847
elijahxsired,7537411251823987990,results_4\elijahxsired\7537411251823987990\frames\7537411251823987990_frame_03.png,female,0.9971
elijahxsired,7537411251823987990,results_4\elijahxsired\7537411251823987990\frames\7537411251823987990_frame_04.png,male,0.8891
elijahxsired,7537932489399029014,results_4\elijahxsired\7537932489399029014\frames\7537932489399029014_frame_01.png,female,0.9972
elijahxsired,7537932489399029014,results_4\elijahxsired\7537932489399029014\frames\7537932489399029014_frame_02.png,female,0.9969
elijahxsired,7537932489399029014,results_4\elijahxsired\7537932489399029014\frames\7537932489399029014_frame_03.png,female,0.997
elijahxsired,7537932489399029014,results_4\elijahxsired\7537932489399029014\frames\7537932489399029014_frame_04.png,female,0.9975
elleluishoppingbybikat11,7537444538760138040,results_4\elleluishoppingbybikat11\7537444538760138040\frames\7537444538760138040_frame_01.png,female,0.9932
elleluishoppingbybikat11,7537444538760138040,results_4\elleluishoppingbybikat11\7537444538760138040\frames\7537444538760138040_frame_02.png,female,0.9913
elleluishoppingbybikat11,7537447693891800326,results_4\elleluishoppingbybikat11\7537447693891800326\frames\7537447693891800326_frame_01.png,female,0.9972
elleluishoppingbybikat11,7537447693891800326,results_4\elleluishoppingbybikat11\7537447693891800326\frames\7537447693891800326_frame_02.png,female,0.995
elleluishoppingbybikat11,7537651224380820741,results_4\elleluishoppingbybikat11\7537651224380820741\frames\7537651224380820741_frame_03.png,female,0.6257
elleluishoppingbybikat11,7537651224380820741,results_4\elleluishoppingbybikat11\7537651224380820741\frames\7537651224380820741_frame_04.png,female,0.7194
elshinzhanerke1,7519982810971573509,results_4\elshinzhanerke1\7519982810971573509\frames\7519982810971573509_frame_04.png,female,0.9979
elshinzhanerke1,7520182709281475896,results_4\elshinzhanerke1\7520182709281475896\frames\7520182709281475896_frame_01.png,female,0.9978
elshinzhanerke1,7520182709281475896,results_4\elshinzhanerke1\7520182709281475896\frames\7520182709281475896_frame_03.png,female,0.9978
elshinzhanerke1,7520182709281475896,results_4\elshinzhanerke1\7520182709281475896\frames\7520182709281475896_frame_04.png,male,0.9863
elshinzhanerke1,7538549301362855173,results_4\elshinzhanerke1\7538549301362855173\frames\7538549301362855173_frame_01.png,female,0.9911
elshinzhanerke1,7538549301362855173,results_4\elshinzhanerke1\7538549301362855173\frames\7538549301362855173_frame_02.png,female,0.9967
elshinzhanerke1,7538549301362855173,results_4\elshinzhanerke1\7538549301362855173\frames\7538549301362855173_frame_04.png,female,0.9977
em1loba,7534865623185214738,results_4\em1loba\7534865623185214738\frames\7534865623185214738_frame_03.png,female,0.5049
em1loba,7536033102498450695,results_4\em1loba\7536033102498450695\frames\7536033102498450695_frame_01.png,female,0.998
em1loba,7536033102498450695,results_4\em1loba\7536033102498450695\frames\7536033102498450695_frame_02.png,female,0.9965
em1loba,7536033102498450695,results_4\em1loba\7536033102498450695\frames\7536033102498450695_frame_03.png,female,0.9961
em1loba,7536033102498450695,results_4\em1loba\7536033102498450695\frames\7536033102498450695_frame_04.png,female,0.9974
em1loba,7536302259819285778,results_4\em1loba\7536302259819285778\frames\7536302259819285778_frame_01.png,female,0.9968
em1loba,7536302259819285778,results_4\em1loba\7536302259819285778\frames\7536302259819285778_frame_02.png,female,0.9947
em1loba,7536302259819285778,results_4\em1loba\7536302259819285778\frames\7536302259819285778_frame_03.png,female,0.9953
em1loba,7536302259819285778,results_4\em1loba\7536302259819285778\frames\7536302259819285778_frame_04.png,female,0.9965
emmaavishort,7316510516015385886,results_4\emmaavishort\7316510516015385886\frames\7316510516015385886_frame_03.png,female,0.538
emmaavishort,7316510516015385886,results_4\emmaavishort\7316510516015385886\frames\7316510516015385886_frame_04.png,female,0.5366
erispatv,7514615833277041925,results_4\erispatv\7514615833277041925\frames\7514615833277041925_frame_01.png,male,0.9968
erispatv,7514615833277041925,results_4\erispatv\7514615833277041925\frames\7514615833277041925_frame_02.png,male,0.9966
erispatv,7514615833277041925,results_4\erispatv\7514615833277041925\frames\7514615833277041925_frame_03.png,male,0.9974
erispatv,7514615833277041925,results_4\erispatv\7514615833277041925\frames\7514615833277041925_frame_04.png,male,0.9971
erispatv,7515015902350331142,results_4\erispatv\7515015902350331142\frames\7515015902350331142_frame_01.png,male,0.9972
erispatv,7515015902350331142,results_4\erispatv\7515015902350331142\frames\7515015902350331142_frame_02.png,male,0.9973
erispatv,7515015902350331142,results_4\erispatv\7515015902350331142\frames\7515015902350331142_frame_03.png,male,0.9937
erispatv,7515015902350331142,results_4\erispatv\7515015902350331142\frames\7515015902350331142_frame_04.png,male,0.9906
erispatv,7515333074821876998,results_4\erispatv\7515333074821876998\frames\7515333074821876998_frame_01.png,male,0.9917
erispatv,7515333074821876998,results_4\erispatv\7515333074821876998\frames\7515333074821876998_frame_02.png,male,0.9662
erispatv,7515333074821876998,results_4\erispatv\7515333074821876998\frames\7515333074821876998_frame_03.png,male,0.9899
erispatv,7515333074821876998,results_4\erispatv\7515333074821876998\frames\7515333074821876998_frame_04.png,male,0.992
ethanadrian666,7355149853623602439,results_4\ethanadrian666\7355149853623602439\frames\7355149853623602439_frame_01.png,male,0.9429
ethanadrian666,7355149853623602439,results_4\ethanadrian666\7355149853623602439\frames\7355149853623602439_frame_02.png,male,0.9898
ethanadrian666,7355149853623602439,results_4\ethanadrian666\7355149853623602439\frames\7355149853623602439_frame_03.png,male,0.9948
ethanadrian666,7355149853623602439,results_4\ethanadrian666\7355149853623602439\frames\7355149853623602439_frame_04.png,male,0.9908
eurovely,7510449874685545784,results_4\eurovely\7510449874685545784\frames\7510449874685545784_frame_01.png,female,0.9379
eurovely,7510449874685545784,results_4\eurovely\7510449874685545784\frames\7510449874685545784_frame_02.png,female,0.9591
falaserionedani,7534907571623251256,results_4\falaserionedani\7534907571623251256\frames\7534907571623251256_frame_01.png,female,0.9969
falaserionedani,7534907571623251256,results_4\falaserionedani\7534907571623251256\frames\7534907571623251256_frame_02.png,female,0.996
falaserionedani,7534907571623251256,results_4\falaserionedani\7534907571623251256\frames\7534907571623251256_frame_03.png,female,0.9947
falaserionedani,7537824020872334648,results_4\falaserionedani\7537824020872334648\frames\7537824020872334648_frame_01.png,female,0.9881
falaserionedani,7537824020872334648,results_4\falaserionedani\7537824020872334648\frames\7537824020872334648_frame_02.png,female,0.9927
falaserionedani,7537824020872334648,results_4\falaserionedani\7537824020872334648\frames\7537824020872334648_frame_03.png,female,0.9926
falaserionedani,7537824020872334648,results_4\falaserionedani\7537824020872334648\frames\7537824020872334648_frame_04.png,female,0.8716
falaserionedani,7538172758371388678,results_4\falaserionedani\7538172758371388678\frames\7538172758371388678_frame_01.png,female,0.9953
falaserionedani,7538172758371388678,results_4\falaserionedani\7538172758371388678\frames\7538172758371388678_frame_02.png,female,0.9972
falaserionedani,7538172758371388678,results_4\falaserionedani\7538172758371388678\frames\7538172758371388678_frame_03.png,female,0.9968
falaserionedani,7538172758371388678,results_4\falaserionedani\7538172758371388678\frames\7538172758371388678_frame_04.png,female,0.9977
ferislasmistikaa,7346738628984376582,results_4\ferislasmistikaa\7346738628984376582\frames\7346738628984376582_frame_01.png,female,0.993
ferislasmistikaa,7346738628984376582,results_4\ferislasmistikaa\7346738628984376582\frames\7346738628984376582_frame_02.png,female,0.9942
ferislasmistikaa,7346738628984376582,results_4\ferislasmistikaa\7346738628984376582\frames\7346738628984376582_frame_03.png,female,0.99
ferislasmistikaa,7346738628984376582,results_4\ferislasmistikaa\7346738628984376582\frames\7346738628984376582_frame_04.png,female,0.9762
ferislasmistikaa,7354430651812039941,results_4\ferislasmistikaa\7354430651812039941\frames\7354430651812039941_frame_01.png,female,0.9729
ferislasmistikaa,7354430651812039941,results_4\ferislasmistikaa\7354430651812039941\frames\7354430651812039941_frame_02.png,female,0.9719
ferislasmistikaa,7354430651812039941,results_4\ferislasmistikaa\7354430651812039941\frames\7354430651812039941_frame_03.png,female,0.9721
ferislasmistikaa,7354430651812039941,results_4\ferislasmistikaa\7354430651812039941\frames\7354430651812039941_frame_04.png,female,0.9661
ferislasmistikaa,7377559768149298438,results_4\ferislasmistikaa\7377559768149298438\frames\7377559768149298438_frame_01.png,female,0.9962
ferislasmistikaa,7377559768149298438,results_4\ferislasmistikaa\7377559768149298438\frames\7377559768149298438_frame_02.png,female,0.9959
ferislasmistikaa,7377559768149298438,results_4\ferislasmistikaa\7377559768149298438\frames\7377559768149298438_frame_03.png,female,0.9918
ferislasmistikaa,7377559768149298438,results_4\ferislasmistikaa\7377559768149298438\frames\7377559768149298438_frame_04.png,female,0.9965
fifatrainingcentre,7528289780430277910,results_4\fifatrainingcentre\7528289780430277910\frames\7528289780430277910_frame_01.png,male,0.9975
fifatrainingcentre,7528289780430277910,results_4\fifatrainingcentre\7528289780430277910\frames\7528289780430277910_frame_02.png,male,0.9971
fifatrainingcentre,7528289780430277910,results_4\fifatrainingcentre\7528289780430277910\frames\7528289780430277910_frame_03.png,male,0.9963
fifatrainingcentre,7528289780430277910,results_4\fifatrainingcentre\7528289780430277910\frames\7528289780430277910_frame_04.png,male,0.9974
filhadorei539,7410731317945502982,results_4\filhadorei539\7410731317945502982\frames\7410731317945502982_frame_01.png,female,0.9975
filhadorei539,7410731317945502982,results_4\filhadorei539\7410731317945502982\frames\7410731317945502982_frame_02.png,female,0.998
filhadorei539,7410731317945502982,results_4\filhadorei539\7410731317945502982\frames\7410731317945502982_frame_03.png,female,0.9979
filhadorei539,7410731317945502982,results_4\filhadorei539\7410731317945502982\frames\7410731317945502982_frame_04.png,female,0.9972
filhadorei539,7410762374178753797,results_4\filhadorei539\7410762374178753797\frames\7410762374178753797_frame_01.png,female,0.9976
filhadorei539,7410762374178753797,results_4\filhadorei539\7410762374178753797\frames\7410762374178753797_frame_02.png,female,0.9974
filhadorei539,7410762374178753797,results_4\filhadorei539\7410762374178753797\frames\7410762374178753797_frame_03.png,female,0.9975
filhadorei539,7410762374178753797,results_4\filhadorei539\7410762374178753797\frames\7410762374178753797_frame_04.png,female,0.9975
filhadorei539,7411082700037065989,results_4\filhadorei539\7411082700037065989\frames\7411082700037065989_frame_01.png,female,0.9871
filhadorei539,7411082700037065989,results_4\filhadorei539\7411082700037065989\frames\7411082700037065989_frame_02.png,female,0.9776
filhadorei539,7411082700037065989,results_4\filhadorei539\7411082700037065989\frames\7411082700037065989_frame_03.png,female,0.8734
filhadorei539,7411082700037065989,results_4\filhadorei539\7411082700037065989\frames\7411082700037065989_frame_04.png,female,0.8113
foodiestefa_invita,7530714684119387398,results_4\foodiestefa_invita\7530714684119387398\frames\7530714684119387398_frame_01.png,female,0.9977
foodiestefa_invita,7530714684119387398,results_4\foodiestefa_invita\7530714684119387398\frames\7530714684119387398_frame_02.png,female,0.9936
foodiestefa_invita,7530714684119387398,results_4\foodiestefa_invita\7530714684119387398\frames\7530714684119387398_frame_03.png,female,0.9968
foodiestefa_invita,7530714684119387398,results_4\foodiestefa_invita\7530714684119387398\frames\7530714684119387398_frame_04.png,female,0.995
foodiestefa_invita,7537445690780306694,results_4\foodiestefa_invita\7537445690780306694\frames\7537445690780306694_frame_01.png,male,0.6395
foodiestefa_invita,7537445690780306694,results_4\foodiestefa_invita\7537445690780306694\frames\7537445690780306694_frame_02.png,female,0.9728
foodiestefa_invita,7537445690780306694,results_4\foodiestefa_invita\7537445690780306694\frames\7537445690780306694_frame_03.png,male,0.9743
foodiestefa_invita,7537445690780306694,results_4\foodiestefa_invita\7537445690780306694\frames\7537445690780306694_frame_04.png,male,0.9963
foodiestefa_invita,7537450445170691334,results_4\foodiestefa_invita\7537450445170691334\frames\7537450445170691334_frame_03.png,male,0.9837
gabytza001,7358086735026261281,results_4\gabytza001\7358086735026261281\frames\7358086735026261281_frame_01.png,male,0.9975
gabytza001,7358086735026261281,results_4\gabytza001\7358086735026261281\frames\7358086735026261281_frame_02.png,male,0.9971
gabytza001,7358086735026261281,results_4\gabytza001\7358086735026261281\frames\7358086735026261281_frame_03.png,male,0.9589
geekoutmx,7529688466469211399,results_4\geekoutmx\7529688466469211399\frames\7529688466469211399_frame_01.png,male,0.9971
geekoutmx,7529688466469211399,results_4\geekoutmx\7529688466469211399\frames\7529688466469211399_frame_02.png,male,0.9973
geekoutmx,7532281349936385287,results_4\geekoutmx\7532281349936385287\frames\7532281349936385287_frame_03.png,male,0.9975
geekoutmx,7532281349936385287,results_4\geekoutmx\7532281349936385287\frames\7532281349936385287_frame_04.png,male,0.9973
geekoutmx,7537488400996125960,results_4\geekoutmx\7537488400996125960\frames\7537488400996125960_frame_01.png,male,0.997
geekoutmx,7537488400996125960,results_4\geekoutmx\7537488400996125960\frames\7537488400996125960_frame_02.png,male,0.997
geekoutmx,7537488400996125960,results_4\geekoutmx\7537488400996125960\frames\7537488400996125960_frame_03.png,male,0.9973
geekoutmx,7537488400996125960,results_4\geekoutmx\7537488400996125960\frames\7537488400996125960_frame_04.png,male,0.9927
geesteel1,7530687706360204566,results_4\geesteel1\7530687706360204566\frames\7530687706360204566_frame_03.png,female,0.9982
geesteel1,7530687706360204566,results_4\geesteel1\7530687706360204566\frames\7530687706360204566_frame_04.png,female,0.9973
geesteel1,7536888353711525142,results_4\geesteel1\7536888353711525142\frames\7536888353711525142_frame_01.png,female,0.9934
geesteel1,7536888353711525142,results_4\geesteel1\7536888353711525142\frames\7536888353711525142_frame_03.png,female,0.9968
geesteel1,7536888353711525142,results_4\geesteel1\7536888353711525142\frames\7536888353711525142_frame_04.png,female,0.9977
geesteel1,7538551032930897175,results_4\geesteel1\7538551032930897175\frames\7538551032930897175_frame_01.png,female,0.9952
geesteel1,7538551032930897175,results_4\geesteel1\7538551032930897175\frames\7538551032930897175_frame_02.png,female,0.9982
geesteel1,7538551032930897175,results_4\geesteel1\7538551032930897175\frames\7538551032930897175_frame_03.png,female,0.9944
geesteel1,7538551032930897175,results_4\geesteel1\7538551032930897175\frames\7538551032930897175_frame_04.png,female,0.9982
ggexotics,7461851955623660846,results_4\ggexotics\7461851955623660846\frames\7461851955623660846_frame_01.png,male,0.997
ggexotics,7461851955623660846,results_4\ggexotics\7461851955623660846\frames\7461851955623660846_frame_02.png,male,0.9973
ggexotics,7461851955623660846,results_4\ggexotics\7461851955623660846\frames\7461851955623660846_frame_03.png,male,0.9968
ggexotics,7461851955623660846,results_4\ggexotics\7461851955623660846\frames\7461851955623660846_frame_04.png,male,0.9936
giulianacascone2,7515007969147227414,results_4\giulianacascone2\7515007969147227414\frames\7515007969147227414_frame_01.png,male,0.9935
giulianacascone2,7515007969147227414,results_4\giulianacascone2\7515007969147227414\frames\7515007969147227414_frame_02.png,male,0.9888
giulianacascone2,7515007969147227414,results_4\giulianacascone2\7515007969147227414\frames\7515007969147227414_frame_03.png,male,0.9813
giulianacascone2,7515007969147227414,results_4\giulianacascone2\7515007969147227414\frames\7515007969147227414_frame_04.png,female,0.9953
giulianacascone2,7521473544295927062,results_4\giulianacascone2\7521473544295927062\frames\7521473544295927062_frame_01.png,female,0.99
giulianacascone2,7521473544295927062,results_4\giulianacascone2\7521473544295927062\frames\7521473544295927062_frame_02.png,female,0.9774
giulianacascone2,7521473544295927062,results_4\giulianacascone2\7521473544295927062\frames\7521473544295927062_frame_03.png,female,0.9768
giulianacascone2,7521473544295927062,results_4\giulianacascone2\7521473544295927062\frames\7521473544295927062_frame_04.png,female,0.9943
gloriaflagbo,7421517761798769926,results_4\gloriaflagbo\7421517761798769926\frames\7421517761798769926_frame_01.png,female,0.997
gloriaflagbo,7421517761798769926,results_4\gloriaflagbo\7421517761798769926\frames\7421517761798769926_frame_02.png,female,0.9969
gloriaflagbo,7421517761798769926,results_4\gloriaflagbo\7421517761798769926\frames\7421517761798769926_frame_03.png,female,0.9946
gloriaflagbo,7421517761798769926,results_4\gloriaflagbo\7421517761798769926\frames\7421517761798769926_frame_04.png,female,0.9938
goateebeardcare,7512502882982382853,results_4\goateebeardcare\7512502882982382853\frames\7512502882982382853_frame_02.png,male,0.9974
goateebeardcare,7514766941333015813,results_4\goateebeardcare\7514766941333015813\frames\7514766941333015813_frame_01.png,male,0.9969
goateebeardcare,7514766941333015813,results_4\goateebeardcare\7514766941333015813\frames\7514766941333015813_frame_02.png,male,0.9974
goateebeardcare,7514766941333015813,results_4\goateebeardcare\7514766941333015813\frames\7514766941333015813_frame_03.png,male,0.9972
goateebeardcare,7514766941333015813,results_4\goateebeardcare\7514766941333015813\frames\7514766941333015813_frame_04.png,male,0.9965
granorquesta.oficial,7532586537511324933,results_4\granorquesta.oficial\7532586537511324933\frames\7532586537511324933_frame_01.png,male,0.9896
granorquesta.oficial,7532586537511324933,results_4\granorquesta.oficial\7532586537511324933\frames\7532586537511324933_frame_02.png,male,0.9863
granorquesta.oficial,7532586537511324933,results_4\granorquesta.oficial\7532586537511324933\frames\7532586537511324933_frame_03.png,male,0.9929
granorquesta.oficial,7532586537511324933,results_4\granorquesta.oficial\7532586537511324933\frames\7532586537511324933_frame_04.png,male,0.9918
granorquesta.oficial,7532653904526429496,results_4\granorquesta.oficial\7532653904526429496\frames\7532653904526429496_frame_01.png,male,0.9981
granorquesta.oficial,7532653904526429496,results_4\granorquesta.oficial\7532653904526429496\frames\7532653904526429496_frame_02.png,male,0.9981
granorquesta.oficial,7532653904526429496,results_4\granorquesta.oficial\7532653904526429496\frames\7532653904526429496_frame_03.png,male,0.9886
granorquesta.oficial,7532653904526429496,results_4\granorquesta.oficial\7532653904526429496\frames\7532653904526429496_frame_04.png,male,0.9973
granorquesta.oficial,7533671914636610872,results_4\granorquesta.oficial\7533671914636610872\frames\7533671914636610872_frame_01.png,female,0.5164
granorquesta.oficial,7533671914636610872,results_4\granorquesta.oficial\7533671914636610872\frames\7533671914636610872_frame_02.png,male,0.9962
granorquesta.oficial,7533671914636610872,results_4\granorquesta.oficial\7533671914636610872\frames\7533671914636610872_frame_03.png,male,0.9082
granorquesta.oficial,7533671914636610872,results_4\granorquesta.oficial\7533671914636610872\frames\7533671914636610872_frame_04.png,male,0.9968
griggstv,7509828373900823838,results_4\griggstv\7509828373900823838\frames\7509828373900823838_frame_01.png,female,0.9657
griggstv,7509828373900823838,results_4\griggstv\7509828373900823838\frames\7509828373900823838_frame_02.png,male,0.9841
griggstv,7509828373900823838,results_4\griggstv\7509828373900823838\frames\7509828373900823838_frame_03.png,female,0.9511
griggstv,7509828373900823838,results_4\griggstv\7509828373900823838\frames\7509828373900823838_frame_04.png,male,0.9681
griggstv,7537879267934342414,results_4\griggstv\7537879267934342414\frames\7537879267934342414_frame_01.png,male,0.9954
griggstv,7537879267934342414,results_4\griggstv\7537879267934342414\frames\7537879267934342414_frame_02.png,male,0.9746
griggstv,7537879267934342414,results_4\griggstv\7537879267934342414\frames\7537879267934342414_frame_03.png,male,0.9585
griggstv,7537879267934342414,results_4\griggstv\7537879267934342414\frames\7537879267934342414_frame_04.png,male,0.9891
guizin.eafc,7536244445402910008,results_4\guizin.eafc\7536244445402910008\frames\7536244445402910008_frame_01.png,male,0.9963
guizin.eafc,7536244445402910008,results_4\guizin.eafc\7536244445402910008\frames\7536244445402910008_frame_02.png,male,0.9964
guizin.eafc,7536244445402910008,results_4\guizin.eafc\7536244445402910008\frames\7536244445402910008_frame_03.png,male,0.9964
guizin.eafc,7536244445402910008,results_4\guizin.eafc\7536244445402910008\frames\7536244445402910008_frame_04.png,male,0.9967
guizin.eafc,7537429382504205574,results_4\guizin.eafc\7537429382504205574\frames\7537429382504205574_frame_01.png,male,0.9966
guizin.eafc,7537429382504205574,results_4\guizin.eafc\7537429382504205574\frames\7537429382504205574_frame_02.png,male,0.997
guizin.eafc,7537429382504205574,results_4\guizin.eafc\7537429382504205574\frames\7537429382504205574_frame_03.png,male,0.997
guizin.eafc,7537429382504205574,results_4\guizin.eafc\7537429382504205574\frames\7537429382504205574_frame_04.png,male,0.9972
gymnadz,7533382756768779528,results_4\gymnadz\7533382756768779528\frames\7533382756768779528_frame_01.png,female,0.9973
gymnadz,7533382756768779528,results_4\gymnadz\7533382756768779528\frames\7533382756768779528_frame_02.png,female,0.997
gymnadz,7533382756768779528,results_4\gymnadz\7533382756768779528\frames\7533382756768779528_frame_03.png,female,0.9975
gymnadz,7533382756768779528,results_4\gymnadz\7533382756768779528\frames\7533382756768779528_frame_04.png,female,0.9978
gymnadz,7536143353998576904,results_4\gymnadz\7536143353998576904\frames\7536143353998576904_frame_01.png,female,0.9971
gymnadz,7536143353998576904,results_4\gymnadz\7536143353998576904\frames\7536143353998576904_frame_02.png,female,0.9969
gymnadz,7536143353998576904,results_4\gymnadz\7536143353998576904\frames\7536143353998576904_frame_03.png,female,0.9975
gymnadz,7536143353998576904,results_4\gymnadz\7536143353998576904\frames\7536143353998576904_frame_04.png,female,0.9966
hachireview74,7528620276293176584,results_4\hachireview74\7528620276293176584\frames\7528620276293176584_frame_01.png,female,0.9981
hachireview74,7528620276293176584,results_4\hachireview74\7528620276293176584\frames\7528620276293176584_frame_02.png,female,0.9979
hachireview74,7528620276293176584,results_4\hachireview74\7528620276293176584\frames\7528620276293176584_frame_03.png,female,0.998
hachireview74,7528620276293176584,results_4\hachireview74\7528620276293176584\frames\7528620276293176584_frame_04.png,female,0.9981
hachireview74,7537302960414395655,results_4\hachireview74\7537302960414395655\frames\7537302960414395655_frame_01.png,female,0.9931
hamitjiyanbider,7497311849298316551,results_4\hamitjiyanbider\7497311849298316551\frames\7497311849298316551_frame_02.png,male,0.9881
hamitjiyanbider,7497311849298316551,results_4\hamitjiyanbider\7497311849298316551\frames\7497311849298316551_frame_03.png,male,0.9908
hamitjiyanbider,7497311849298316551,results_4\hamitjiyanbider\7497311849298316551\frames\7497311849298316551_frame_04.png,male,0.59
hamitjiyanbider,7504758417471327496,results_4\hamitjiyanbider\7504758417471327496\frames\7504758417471327496_frame_01.png,male,0.996
hamitjiyanbider,7504758417471327496,results_4\hamitjiyanbider\7504758417471327496\frames\7504758417471327496_frame_02.png,male,0.9958
hamitjiyanbider,7504758417471327496,results_4\hamitjiyanbider\7504758417471327496\frames\7504758417471327496_frame_03.png,male,0.9968
hamitjiyanbider,7504758417471327496,results_4\hamitjiyanbider\7504758417471327496\frames\7504758417471327496_frame_04.png,male,0.9966
hamitjiyanbider,7505120187973209362,results_4\hamitjiyanbider\7505120187973209362\frames\7505120187973209362_frame_01.png,male,0.951
hamitjiyanbider,7505120187973209362,results_4\hamitjiyanbider\7505120187973209362\frames\7505120187973209362_frame_02.png,male,0.9891
hamitjiyanbider,7505120187973209362,results_4\hamitjiyanbider\7505120187973209362\frames\7505120187973209362_frame_03.png,female,0.5647
hanh_moe,7537170391110864135,results_4\hanh_moe\7537170391110864135\frames\7537170391110864135_frame_01.png,female,0.796
hanh_moe,7537170391110864135,results_4\hanh_moe\7537170391110864135\frames\7537170391110864135_frame_03.png,female,0.9899
hanh_moe,7537170391110864135,results_4\hanh_moe\7537170391110864135\frames\7537170391110864135_frame_04.png,female,0.9921
hanji_gaming,7534945009972415751,results_4\hanji_gaming\7534945009972415751\frames\7534945009972415751_frame_01.png,female,0.5734
hanji_gaming,7534945009972415751,results_4\hanji_gaming\7534945009972415751\frames\7534945009972415751_frame_02.png,male,0.7253
hanji_gaming,7534945009972415751,results_4\hanji_gaming\7534945009972415751\frames\7534945009972415751_frame_03.png,male,0.5116
hanji_gaming,7534945009972415751,results_4\hanji_gaming\7534945009972415751\frames\7534945009972415751_frame_04.png,female,0.9508
hanji_gaming,7535760708835806472,results_4\hanji_gaming\7535760708835806472\frames\7535760708835806472_frame_01.png,male,0.7122
hanji_gaming,7535760708835806472,results_4\hanji_gaming\7535760708835806472\frames\7535760708835806472_frame_02.png,female,0.8033
hanji_gaming,7535760708835806472,results_4\hanji_gaming\7535760708835806472\frames\7535760708835806472_frame_03.png,male,0.523
hanji_gaming,7535760708835806472,results_4\hanji_gaming\7535760708835806472\frames\7535760708835806472_frame_04.png,female,0.8188
hanji_gaming,7536138523129236743,results_4\hanji_gaming\7536138523129236743\frames\7536138523129236743_frame_01.png,male,0.9621
hanji_gaming,7536138523129236743,results_4\hanji_gaming\7536138523129236743\frames\7536138523129236743_frame_02.png,male,0.9797
hanji_gaming,7536138523129236743,results_4\hanji_gaming\7536138523129236743\frames\7536138523129236743_frame_03.png,male,0.9469
hanji_gaming,7536138523129236743,results_4\hanji_gaming\7536138523129236743\frames\7536138523129236743_frame_04.png,male,0.9047
hannahevana,7537814588826373407,results_4\hannahevana\7537814588826373407\frames\7537814588826373407_frame_01.png,female,0.9975
hannahevana,7537814588826373407,results_4\hannahevana\7537814588826373407\frames\7537814588826373407_frame_02.png,female,0.9975
hannahevana,7537814588826373407,results_4\hannahevana\7537814588826373407\frames\7537814588826373407_frame_03.png,female,0.9975
hannahevana,7537814588826373407,results_4\hannahevana\7537814588826373407\frames\7537814588826373407_frame_04.png,female,0.998
hannahevana,7538123428256140574,results_4\hannahevana\7538123428256140574\frames\7538123428256140574_frame_01.png,female,0.9977
hannahevana,7538123428256140574,results_4\hannahevana\7538123428256140574\frames\7538123428256140574_frame_02.png,female,0.9977
hannahevana,7538123428256140574,results_4\hannahevana\7538123428256140574\frames\7538123428256140574_frame_03.png,female,0.9978
hannahevana,7538123428256140574,results_4\hannahevana\7538123428256140574\frames\7538123428256140574_frame_04.png,female,0.997
hannahevana,7538547473904700703,results_4\hannahevana\7538547473904700703\frames\7538547473904700703_frame_01.png,female,0.998
hannahevana,7538547473904700703,results_4\hannahevana\7538547473904700703\frames\7538547473904700703_frame_02.png,female,0.9982
hannahevana,7538547473904700703,results_4\hannahevana\7538547473904700703\frames\7538547473904700703_frame_03.png,female,0.9979
hannahevana,7538547473904700703,results_4\hannahevana\7538547473904700703\frames\7538547473904700703_frame_04.png,female,0.9981
haquechy_01,7531653174785248530,results_4\haquechy_01\7531653174785248530\frames\7531653174785248530_frame_01.png,male,0.9941
haquechy_01,7531653174785248530,results_4\haquechy_01\7531653174785248530\frames\7531653174785248530_frame_02.png,male,0.9918
haquechy_01,7531653174785248530,results_4\haquechy_01\7531653174785248530\frames\7531653174785248530_frame_03.png,male,0.9923
haquechy_01,7531653174785248530,results_4\haquechy_01\7531653174785248530\frames\7531653174785248530_frame_04.png,female,0.6027
haquechy_01,7534031526296571154,results_4\haquechy_01\7534031526296571154\frames\7534031526296571154_frame_01.png,male,0.9875
haquechy_01,7534031526296571154,results_4\haquechy_01\7534031526296571154\frames\7534031526296571154_frame_02.png,male,0.9319
haquechy_01,7534031526296571154,results_4\haquechy_01\7534031526296571154\frames\7534031526296571154_frame_03.png,male,0.9977
haquechy_01,7534031526296571154,results_4\haquechy_01\7534031526296571154\frames\7534031526296571154_frame_04.png,male,0.9866
hashimss5,7518727677025619218,results_4\hashimss5\7518727677025619218\frames\7518727677025619218_frame_01.png,male,0.5587
hashimss5,7518727677025619218,results_4\hashimss5\7518727677025619218\frames\7518727677025619218_frame_02.png,male,0.6914
hashimss5,7518727677025619218,results_4\hashimss5\7518727677025619218\frames\7518727677025619218_frame_03.png,male,0.589
hashimss5,7518727677025619218,results_4\hashimss5\7518727677025619218\frames\7518727677025619218_frame_04.png,male,0.9889
helenowen,7537063406994492702,results_4\helenowen\7537063406994492702\frames\7537063406994492702_frame_01.png,male,0.9356
helenowen,7537063406994492702,results_4\helenowen\7537063406994492702\frames\7537063406994492702_frame_02.png,male,0.7747
helenowen,7537063406994492702,results_4\helenowen\7537063406994492702\frames\7537063406994492702_frame_03.png,female,0.5709
helenowen,7537063406994492702,results_4\helenowen\7537063406994492702\frames\7537063406994492702_frame_04.png,female,0.7823
helenowen,7537091726456950047,results_4\helenowen\7537091726456950047\frames\7537091726456950047_frame_01.png,female,0.9931
helenowen,7537091726456950047,results_4\helenowen\7537091726456950047\frames\7537091726456950047_frame_03.png,male,0.5518
hennen_workouts,7529600528838397214,results_4\hennen_workouts\7529600528838397214\frames\7529600528838397214_frame_02.png,male,0.9802
hlogihlowgiey1,7537275179949509944,results_4\hlogihlowgiey1\7537275179949509944\frames\7537275179949509944_frame_01.png,male,0.995
hlogihlowgiey1,7537275179949509944,results_4\hlogihlowgiey1\7537275179949509944\frames\7537275179949509944_frame_02.png,female,0.998
hlogihlowgiey1,7537275179949509944,results_4\hlogihlowgiey1\7537275179949509944\frames\7537275179949509944_frame_03.png,male,0.9972
hlogihlowgiey1,7537275179949509944,results_4\hlogihlowgiey1\7537275179949509944\frames\7537275179949509944_frame_04.png,male,0.9972
hlogihlowgiey1,7538530367549050120,results_4\hlogihlowgiey1\7538530367549050120\frames\7538530367549050120_frame_01.png,male,0.9939
hlogihlowgiey1,7538530367549050120,results_4\hlogihlowgiey1\7538530367549050120\frames\7538530367549050120_frame_02.png,female,0.9871
hlogihlowgiey1,7538530367549050120,results_4\hlogihlowgiey1\7538530367549050120\frames\7538530367549050120_frame_03.png,male,0.9496
humanbrat_,7512904986662161695,results_4\humanbrat_\7512904986662161695\frames\7512904986662161695_frame_01.png,female,0.996
humanbrat_,7512904986662161695,results_4\humanbrat_\7512904986662161695\frames\7512904986662161695_frame_02.png,female,0.9944
humanbrat_,7512904986662161695,results_4\humanbrat_\7512904986662161695\frames\7512904986662161695_frame_04.png,female,0.9778
humanbrat_,7515819621421747486,results_4\humanbrat_\7515819621421747486\frames\7515819621421747486_frame_01.png,female,0.9951
humanbrat_,7515819621421747486,results_4\humanbrat_\7515819621421747486\frames\7515819621421747486_frame_02.png,female,0.9929
humanbrat_,7515819621421747486,results_4\humanbrat_\7515819621421747486\frames\7515819621421747486_frame_03.png,female,0.9932
humanbrat_,7515819621421747486,results_4\humanbrat_\7515819621421747486\frames\7515819621421747486_frame_04.png,female,0.9963
humanbrat_,7516600052198935838,results_4\humanbrat_\7516600052198935838\frames\7516600052198935838_frame_01.png,female,0.9098
humanbrat_,7516600052198935838,results_4\humanbrat_\7516600052198935838\frames\7516600052198935838_frame_02.png,female,0.8891
humanbrat_,7516600052198935838,results_4\humanbrat_\7516600052198935838\frames\7516600052198935838_frame_03.png,male,0.9798
iamjumo,7510341230258162975,results_4\iamjumo\7510341230258162975\frames\7510341230258162975_frame_01.png,female,0.9982
iamjumo,7510341230258162975,results_4\iamjumo\7510341230258162975\frames\7510341230258162975_frame_02.png,female,0.9981
iamjumo,7510341230258162975,results_4\iamjumo\7510341230258162975\frames\7510341230258162975_frame_03.png,female,0.9981
iamjumo,7510341230258162975,results_4\iamjumo\7510341230258162975\frames\7510341230258162975_frame_04.png,female,0.9982
iamjumo,7515485659734347039,results_4\iamjumo\7515485659734347039\frames\7515485659734347039_frame_01.png,female,0.9982
iamjumo,7515485659734347039,results_4\iamjumo\7515485659734347039\frames\7515485659734347039_frame_02.png,female,0.9982
iamjumo,7515485659734347039,results_4\iamjumo\7515485659734347039\frames\7515485659734347039_frame_03.png,female,0.9981
iamjumo,7515485659734347039,results_4\iamjumo\7515485659734347039\frames\7515485659734347039_frame_04.png,female,0.9981
iamkizii,7513530433414515973,results_4\iamkizii\7513530433414515973\frames\7513530433414515973_frame_03.png,male,0.9089
iamkizii,7513530433414515973,results_4\iamkizii\7513530433414515973\frames\7513530433414515973_frame_04.png,female,0.9367
iamkizii,7514695699351473414,results_4\iamkizii\7514695699351473414\frames\7514695699351473414_frame_01.png,male,0.9976
iamkizii,7514695699351473414,results_4\iamkizii\7514695699351473414\frames\7514695699351473414_frame_02.png,male,0.9974
iamkizii,7514695699351473414,results_4\iamkizii\7514695699351473414\frames\7514695699351473414_frame_03.png,male,0.9966
iamkizii,7514695699351473414,results_4\iamkizii\7514695699351473414\frames\7514695699351473414_frame_04.png,male,0.9973
iamkizii,7517352353004145976,results_4\iamkizii\7517352353004145976\frames\7517352353004145976_frame_02.png,female,0.9523
iamkizii,7517352353004145976,results_4\iamkizii\7517352353004145976\frames\7517352353004145976_frame_03.png,female,0.641
iloveyoudigital,7528901928470809863,results_4\iloveyoudigital\7528901928470809863\frames\7528901928470809863_frame_01.png,female,0.9975
iloveyoudigital,7528901928470809863,results_4\iloveyoudigital\7528901928470809863\frames\7528901928470809863_frame_02.png,male,0.9905
iloveyoudigital,7528901928470809863,results_4\iloveyoudigital\7528901928470809863\frames\7528901928470809863_frame_03.png,male,0.9943
iloveyoudigital,7528901928470809863,results_4\iloveyoudigital\7528901928470809863\frames\7528901928470809863_frame_04.png,female,0.9972
iloveyoudigital,7537947842841824520,results_4\iloveyoudigital\7537947842841824520\frames\7537947842841824520_frame_01.png,female,0.9907
iloveyoudigital,7537947842841824520,results_4\iloveyoudigital\7537947842841824520\frames\7537947842841824520_frame_02.png,male,0.9959
iloveyoudigital,7537947842841824520,results_4\iloveyoudigital\7537947842841824520\frames\7537947842841824520_frame_03.png,male,0.9968
iloveyoudigital,7537947842841824520,results_4\iloveyoudigital\7537947842841824520\frames\7537947842841824520_frame_04.png,female,0.9978
iloveyoudigital,7538304977823862023,results_4\iloveyoudigital\7538304977823862023\frames\7538304977823862023_frame_01.png,female,0.9956
iloveyoudigital,7538304977823862023,results_4\iloveyoudigital\7538304977823862023\frames\7538304977823862023_frame_02.png,female,0.9944
iloveyoudigital,7538304977823862023,results_4\iloveyoudigital\7538304977823862023\frames\7538304977823862023_frame_03.png,female,0.9934
iloveyoudigital,7538304977823862023,results_4\iloveyoudigital\7538304977823862023\frames\7538304977823862023_frame_04.png,female,0.956
imranyou55,7518297930705489160,results_4\imranyou55\7518297930705489160\frames\7518297930705489160_frame_01.png,male,0.9971
imranyou55,7518297930705489160,results_4\imranyou55\7518297930705489160\frames\7518297930705489160_frame_02.png,male,0.9972
imranyou55,7518297930705489160,results_4\imranyou55\7518297930705489160\frames\7518297930705489160_frame_03.png,male,0.9971
imranyou55,7518297930705489160,results_4\imranyou55\7518297930705489160\frames\7518297930705489160_frame_04.png,male,0.9974
isaacobrr,7536123377208151318,results_4\isaacobrr\7536123377208151318\frames\7536123377208151318_frame_02.png,male,0.7727
isaacobrr,7536123377208151318,results_4\isaacobrr\7536123377208151318\frames\7536123377208151318_frame_03.png,male,0.8473
isaacobrr,7536123377208151318,results_4\isaacobrr\7536123377208151318\frames\7536123377208151318_frame_04.png,male,0.9177
isaacobrr,7536848318840737046,results_4\isaacobrr\7536848318840737046\frames\7536848318840737046_frame_03.png,female,0.7225
isaacobrr,7538342724949380374,results_4\isaacobrr\7538342724949380374\frames\7538342724949380374_frame_04.png,male,0.9667
islandgirl8173,7519508747446766903,results_4\islandgirl8173\7519508747446766903\frames\7519508747446766903_frame_01.png,female,0.9895
islandgirl8173,7519508747446766903,results_4\islandgirl8173\7519508747446766903\frames\7519508747446766903_frame_04.png,female,0.9825
islandgirl8173,7519697063332908301,results_4\islandgirl8173\7519697063332908301\frames\7519697063332908301_frame_01.png,female,0.998
islandgirl8173,7519697063332908301,results_4\islandgirl8173\7519697063332908301\frames\7519697063332908301_frame_02.png,female,0.9979
islandgirl8173,7519697063332908301,results_4\islandgirl8173\7519697063332908301\frames\7519697063332908301_frame_03.png,female,0.9978
islandgirl8173,7519697063332908301,results_4\islandgirl8173\7519697063332908301\frames\7519697063332908301_frame_04.png,female,0.9656
islandgirl8173,7520464938293398797,results_4\islandgirl8173\7520464938293398797\frames\7520464938293398797_frame_01.png,female,0.9961
islandgirl8173,7520464938293398797,results_4\islandgirl8173\7520464938293398797\frames\7520464938293398797_frame_02.png,female,0.9726
islandgirl8173,7520464938293398797,results_4\islandgirl8173\7520464938293398797\frames\7520464938293398797_frame_03.png,female,0.9938
islandgirl8173,7520464938293398797,results_4\islandgirl8173\7520464938293398797\frames\7520464938293398797_frame_04.png,female,0.9908
jackthepoolboy,7473966517584121134,results_4\jackthepoolboy\7473966517584121134\frames\7473966517584121134_frame_01.png,male,0.998
jackthepoolboy,7473966517584121134,results_4\jackthepoolboy\7473966517584121134\frames\7473966517584121134_frame_02.png,female,0.9981
jackthepoolboy,7473966517584121134,results_4\jackthepoolboy\7473966517584121134\frames\7473966517584121134_frame_03.png,male,0.9979
jackthepoolboy,7473966517584121134,results_4\jackthepoolboy\7473966517584121134\frames\7473966517584121134_frame_04.png,female,0.998
jackthepoolboy,7511464925336784174,results_4\jackthepoolboy\7511464925336784174\frames\7511464925336784174_frame_01.png,female,0.9983
jackthepoolboy,7511464925336784174,results_4\jackthepoolboy\7511464925336784174\frames\7511464925336784174_frame_02.png,male,0.9969
jackthepoolboy,7511464925336784174,results_4\jackthepoolboy\7511464925336784174\frames\7511464925336784174_frame_03.png,male,0.9972
jackthepoolboy,7511464925336784174,results_4\jackthepoolboy\7511464925336784174\frames\7511464925336784174_frame_04.png,female,0.9983
jadepacileo,7538512402057284894,results_4\jadepacileo\7538512402057284894\frames\7538512402057284894_frame_01.png,female,0.9979
jadepacileo,7538512402057284894,results_4\jadepacileo\7538512402057284894\frames\7538512402057284894_frame_02.png,female,0.9973
jadepacileo,7538512402057284894,results_4\jadepacileo\7538512402057284894\frames\7538512402057284894_frame_03.png,female,0.9977
jadepacileo,7538512402057284894,results_4\jadepacileo\7538512402057284894\frames\7538512402057284894_frame_04.png,female,0.9975
jadepacileo,7538545426287398175,results_4\jadepacileo\7538545426287398175\frames\7538545426287398175_frame_01.png,female,0.9979
jadepacileo,7538545426287398175,results_4\jadepacileo\7538545426287398175\frames\7538545426287398175_frame_02.png,female,0.9976
jadepacileo,7538545426287398175,results_4\jadepacileo\7538545426287398175\frames\7538545426287398175_frame_03.png,female,0.998
jadepacileo,7538545426287398175,results_4\jadepacileo\7538545426287398175\frames\7538545426287398175_frame_04.png,female,0.9971
jadepacileo,7538578828117937439,results_4\jadepacileo\7538578828117937439\frames\7538578828117937439_frame_01.png,female,0.9976
jadepacileo,7538578828117937439,results_4\jadepacileo\7538578828117937439\frames\7538578828117937439_frame_02.png,female,0.9974
jadepacileo,7538578828117937439,results_4\jadepacileo\7538578828117937439\frames\7538578828117937439_frame_03.png,female,0.9976
jadepacileo,7538578828117937439,results_4\jadepacileo\7538578828117937439\frames\7538578828117937439_frame_04.png,female,0.9977
jadou_2528,7532550009011621142,results_4\jadou_2528\7532550009011621142\frames\7532550009011621142_frame_03.png,female,0.7595
jadou_2528,7532550009011621142,results_4\jadou_2528\7532550009011621142\frames\7532550009011621142_frame_04.png,female,0.9971
jadou_2528,7532893160964476182,results_4\jadou_2528\7532893160964476182\frames\7532893160964476182_frame_01.png,female,0.9982
jadou_2528,7532893160964476182,results_4\jadou_2528\7532893160964476182\frames\7532893160964476182_frame_02.png,female,0.9979
jadou_2528,7532893160964476182,results_4\jadou_2528\7532893160964476182\frames\7532893160964476182_frame_03.png,female,0.9982
jadou_2528,7532893160964476182,results_4\jadou_2528\7532893160964476182\frames\7532893160964476182_frame_04.png,female,0.9976
jadou_2528,7534065764874095894,results_4\jadou_2528\7534065764874095894\frames\7534065764874095894_frame_02.png,female,0.9972
jadou_2528,7534065764874095894,results_4\jadou_2528\7534065764874095894\frames\7534065764874095894_frame_03.png,female,0.9972
jadou_2528,7534065764874095894,results_4\jadou_2528\7534065764874095894\frames\7534065764874095894_frame_04.png,female,0.9973
jadzia.kim,7535942391572794657,results_4\jadzia.kim\7535942391572794657\frames\7535942391572794657_frame_03.png,female,0.9979
jadzia.kim,7535942391572794657,results_4\jadzia.kim\7535942391572794657\frames\7535942391572794657_frame_04.png,female,0.9981
jadzia.kim,7538030640411725088,results_4\jadzia.kim\7538030640411725088\frames\7538030640411725088_frame_01.png,female,0.9895
jadzia.kim,7538030640411725088,results_4\jadzia.kim\7538030640411725088\frames\7538030640411725088_frame_02.png,female,0.9972
jadzia.kim,7538030640411725088,results_4\jadzia.kim\7538030640411725088\frames\7538030640411725088_frame_03.png,female,0.9974
jadzia.kim,7538030640411725088,results_4\jadzia.kim\7538030640411725088\frames\7538030640411725088_frame_04.png,female,0.9804
jadzia.kim,7538162595178482976,results_4\jadzia.kim\7538162595178482976\frames\7538162595178482976_frame_01.png,female,0.9978
jadzia.kim,7538162595178482976,results_4\jadzia.kim\7538162595178482976\frames\7538162595178482976_frame_03.png,female,0.9975
jadzia.kim,7538162595178482976,results_4\jadzia.kim\7538162595178482976\frames\7538162595178482976_frame_04.png,female,0.9975
jaktodaleko,7537629489065446678,results_4\jaktodaleko\7537629489065446678\frames\7537629489065446678_frame_01.png,male,0.9939
jaktodaleko,7537629489065446678,results_4\jaktodaleko\7537629489065446678\frames\7537629489065446678_frame_02.png,male,0.9916
jaktodaleko,7537629489065446678,results_4\jaktodaleko\7537629489065446678\frames\7537629489065446678_frame_03.png,male,0.9943
jaktodaleko,7537629489065446678,results_4\jaktodaleko\7537629489065446678\frames\7537629489065446678_frame_04.png,male,0.9879
jaktodaleko,7538014042569395478,results_4\jaktodaleko\7538014042569395478\frames\7538014042569395478_frame_01.png,male,0.9927
jaktodaleko,7538014042569395478,results_4\jaktodaleko\7538014042569395478\frames\7538014042569395478_frame_02.png,male,0.9918
jaktodaleko,7538014042569395478,results_4\jaktodaleko\7538014042569395478\frames\7538014042569395478_frame_04.png,male,0.9471
jaktodaleko,7538362582659271958,results_4\jaktodaleko\7538362582659271958\frames\7538362582659271958_frame_01.png,male,0.9084
jaktodaleko,7538362582659271958,results_4\jaktodaleko\7538362582659271958\frames\7538362582659271958_frame_02.png,male,0.9935
jaktodaleko,7538362582659271958,results_4\jaktodaleko\7538362582659271958\frames\7538362582659271958_frame_03.png,male,0.9946
jaktodaleko,7538362582659271958,results_4\jaktodaleko\7538362582659271958\frames\7538362582659271958_frame_04.png,female,0.6727
janiceglimmer,7529182832892169485,results_4\janiceglimmer\7529182832892169485\frames\7529182832892169485_frame_01.png,male,0.7426
janiceglimmer,7529182832892169485,results_4\janiceglimmer\7529182832892169485\frames\7529182832892169485_frame_02.png,female,0.9332
janiceglimmer,7529182832892169485,results_4\janiceglimmer\7529182832892169485\frames\7529182832892169485_frame_03.png,female,0.641
janiceglimmer,7529182832892169485,results_4\janiceglimmer\7529182832892169485\frames\7529182832892169485_frame_04.png,female,0.889
janiceglimmer,7532905427260984631,results_4\janiceglimmer\7532905427260984631\frames\7532905427260984631_frame_01.png,female,0.998
janiceglimmer,7532905427260984631,results_4\janiceglimmer\7532905427260984631\frames\7532905427260984631_frame_02.png,female,0.998
janiceglimmer,7532905427260984631,results_4\janiceglimmer\7532905427260984631\frames\7532905427260984631_frame_03.png,female,0.9972
janiceglimmer,7532905427260984631,results_4\janiceglimmer\7532905427260984631\frames\7532905427260984631_frame_04.png,female,0.9978
jaylenwadeanime,7532561198546554142,results_4\jaylenwadeanime\7532561198546554142\frames\7532561198546554142_frame_01.png,male,0.9972
jaylenwadeanime,7532561198546554142,results_4\jaylenwadeanime\7532561198546554142\frames\7532561198546554142_frame_02.png,male,0.9969
jaylenwadeanime,7532561198546554142,results_4\jaylenwadeanime\7532561198546554142\frames\7532561198546554142_frame_03.png,male,0.9974
jaylenwadeanime,7532561198546554142,results_4\jaylenwadeanime\7532561198546554142\frames\7532561198546554142_frame_04.png,male,0.9926
jazdire,7516532755862228229,results_4\jazdire\7516532755862228229\frames\7516532755862228229_frame_01.png,male,0.9917
jazdire,7516532755862228229,results_4\jazdire\7516532755862228229\frames\7516532755862228229_frame_02.png,male,0.9829
jazdire,7516532755862228229,results_4\jazdire\7516532755862228229\frames\7516532755862228229_frame_03.png,male,0.982
jazdire,7516532755862228229,results_4\jazdire\7516532755862228229\frames\7516532755862228229_frame_04.png,male,0.9801
jazdire,7522888907822763320,results_4\jazdire\7522888907822763320\frames\7522888907822763320_frame_01.png,male,0.5801
jazdire,7522888907822763320,results_4\jazdire\7522888907822763320\frames\7522888907822763320_frame_02.png,male,0.9717
jazdire,7522888907822763320,results_4\jazdire\7522888907822763320\frames\7522888907822763320_frame_03.png,male,0.9874
jazdire,7522888907822763320,results_4\jazdire\7522888907822763320\frames\7522888907822763320_frame_04.png,male,0.9853
jazdire,7537322041712659768,results_4\jazdire\7537322041712659768\frames\7537322041712659768_frame_01.png,male,0.9967
jazdire,7537322041712659768,results_4\jazdire\7537322041712659768\frames\7537322041712659768_frame_02.png,male,0.9965
jazdire,7537322041712659768,results_4\jazdire\7537322041712659768\frames\7537322041712659768_frame_03.png,male,0.9969
jazdire,7537322041712659768,results_4\jazdire\7537322041712659768\frames\7537322041712659768_frame_04.png,male,0.9968
jeosprojex,7497326712158489887,results_4\jeosprojex\7497326712158489887\frames\7497326712158489887_frame_01.png,male,0.9189
jeosprojex,7497326712158489887,results_4\jeosprojex\7497326712158489887\frames\7497326712158489887_frame_02.png,male,0.9897
jeosprojex,7497326712158489887,results_4\jeosprojex\7497326712158489887\frames\7497326712158489887_frame_03.png,male,0.9911
jeosprojex,7534080386167557406,results_4\jeosprojex\7534080386167557406\frames\7534080386167557406_frame_01.png,male,0.9891
jeosprojex,7534080386167557406,results_4\jeosprojex\7534080386167557406\frames\7534080386167557406_frame_02.png,male,0.9879
jessandjakeofficial,7480288277849787670,results_4\jessandjakeofficial\7480288277849787670\frames\7480288277849787670_frame_01.png,female,0.9968
jessandjakeofficial,7480288277849787670,results_4\jessandjakeofficial\7480288277849787670\frames\7480288277849787670_frame_02.png,female,0.9976
jessandjakeofficial,7480288277849787670,results_4\jessandjakeofficial\7480288277849787670\frames\7480288277849787670_frame_03.png,female,0.998
jessandjakeofficial,7480288277849787670,results_4\jessandjakeofficial\7480288277849787670\frames\7480288277849787670_frame_04.png,female,0.9979
jessandjakeofficial,7486225192679738647,results_4\jessandjakeofficial\7486225192679738647\frames\7486225192679738647_frame_01.png,female,0.9982
jessandjakeofficial,7486225192679738647,results_4\jessandjakeofficial\7486225192679738647\frames\7486225192679738647_frame_02.png,female,0.9974
jessandjakeofficial,7486225192679738647,results_4\jessandjakeofficial\7486225192679738647\frames\7486225192679738647_frame_03.png,male,0.9982
jessandjakeofficial,7486225192679738647,results_4\jessandjakeofficial\7486225192679738647\frames\7486225192679738647_frame_04.png,female,0.998
jessandjakeofficial,7502147182447873302,results_4\jessandjakeofficial\7502147182447873302\frames\7502147182447873302_frame_01.png,male,0.9919
jessandjakeofficial,7502147182447873302,results_4\jessandjakeofficial\7502147182447873302\frames\7502147182447873302_frame_02.png,female,0.9831
jessandjakeofficial,7502147182447873302,results_4\jessandjakeofficial\7502147182447873302\frames\7502147182447873302_frame_03.png,female,0.9963
jessandjakeofficial,7502147182447873302,results_4\jessandjakeofficial\7502147182447873302\frames\7502147182447873302_frame_04.png,female,0.9776
joegambino2,7535929250130447671,results_4\joegambino2\7535929250130447671\frames\7535929250130447671_frame_01.png,male,0.9231
joegambino2,7535929250130447671,results_4\joegambino2\7535929250130447671\frames\7535929250130447671_frame_03.png,male,0.9157
joegambino2,7535929250130447671,results_4\joegambino2\7535929250130447671\frames\7535929250130447671_frame_04.png,male,0.8468
joegambino2,7537564900210527501,results_4\joegambino2\7537564900210527501\frames\7537564900210527501_frame_01.png,male,0.9926
joegambino2,7537564900210527501,results_4\joegambino2\7537564900210527501\frames\7537564900210527501_frame_02.png,male,0.9866
joegambino2,7537564900210527501,results_4\joegambino2\7537564900210527501\frames\7537564900210527501_frame_03.png,male,0.9962
joegambino2,7537564900210527501,results_4\joegambino2\7537564900210527501\frames\7537564900210527501_frame_04.png,male,0.9913
jokko2214,7537795378003987718,results_4\jokko2214\7537795378003987718\frames\7537795378003987718_frame_01.png,female,0.9974
jokko2214,7537795378003987718,results_4\jokko2214\7537795378003987718\frames\7537795378003987718_frame_02.png,male,0.9631
jokko2214,7537795378003987718,results_4\jokko2214\7537795378003987718\frames\7537795378003987718_frame_03.png,female,0.5866
jokko2214,7537795378003987718,results_4\jokko2214\7537795378003987718\frames\7537795378003987718_frame_04.png,male,0.958
jokko2214,7538214400558157062,results_4\jokko2214\7538214400558157062\frames\7538214400558157062_frame_01.png,female,0.9964
jokko2214,7538214400558157062,results_4\jokko2214\7538214400558157062\frames\7538214400558157062_frame_02.png,female,0.9971
jokko2214,7538214400558157062,results_4\jokko2214\7538214400558157062\frames\7538214400558157062_frame_03.png,male,0.9312
jokko2214,7538214400558157062,results_4\jokko2214\7538214400558157062\frames\7538214400558157062_frame_04.png,male,0.9788
jokko2214,7538553826098302214,results_4\jokko2214\7538553826098302214\frames\7538553826098302214_frame_01.png,female,0.6758
jokko2214,7538553826098302214,results_4\jokko2214\7538553826098302214\frames\7538553826098302214_frame_03.png,female,0.9965
jokko2214,7538553826098302214,results_4\jokko2214\7538553826098302214\frames\7538553826098302214_frame_04.png,female,0.9969
jormiellabador,7537283874217331975,results_4\jormiellabador\7537283874217331975\frames\7537283874217331975_frame_01.png,female,0.9592
jormiellabador,7537283874217331975,results_4\jormiellabador\7537283874217331975\frames\7537283874217331975_frame_02.png,female,0.9902
jormiellabador,7537283874217331975,results_4\jormiellabador\7537283874217331975\frames\7537283874217331975_frame_03.png,female,0.966
jormiellabador,7537283874217331975,results_4\jormiellabador\7537283874217331975\frames\7537283874217331975_frame_04.png,female,0.8031
jormiellabador,7537522000110161170,results_4\jormiellabador\7537522000110161170\frames\7537522000110161170_frame_01.png,male,0.8003
jormiellabador,7537522000110161170,results_4\jormiellabador\7537522000110161170\frames\7537522000110161170_frame_02.png,female,0.7337
jormiellabador,7537522000110161170,results_4\jormiellabador\7537522000110161170\frames\7537522000110161170_frame_03.png,female,0.9969
jormiellabador,7537522000110161170,results_4\jormiellabador\7537522000110161170\frames\7537522000110161170_frame_04.png,female,0.9914
jormiellabador,7538646871317728530,results_4\jormiellabador\7538646871317728530\frames\7538646871317728530_frame_01.png,female,0.9981
jormiellabador,7538646871317728530,results_4\jormiellabador\7538646871317728530\frames\7538646871317728530_frame_02.png,female,0.998
jormiellabador,7538646871317728530,results_4\jormiellabador\7538646871317728530\frames\7538646871317728530_frame_03.png,female,0.9969
jormiellabador,7538646871317728530,results_4\jormiellabador\7538646871317728530\frames\7538646871317728530_frame_04.png,female,0.9975
josejayparker,7536268717110414598,results_4\josejayparker\7536268717110414598\frames\7536268717110414598_frame_01.png,male,0.9977
josejayparker,7536268717110414598,results_4\josejayparker\7536268717110414598\frames\7536268717110414598_frame_02.png,male,0.9977
josejayparker,7536268717110414598,results_4\josejayparker\7536268717110414598\frames\7536268717110414598_frame_03.png,male,0.9977
josejayparker,7536268717110414598,results_4\josejayparker\7536268717110414598\frames\7536268717110414598_frame_04.png,male,0.9977
josejayparker,7536638554001362182,results_4\josejayparker\7536638554001362182\frames\7536638554001362182_frame_01.png,male,0.997
josejayparker,7536638554001362182,results_4\josejayparker\7536638554001362182\frames\7536638554001362182_frame_02.png,male,0.9973
josejayparker,7536638554001362182,results_4\josejayparker\7536638554001362182\frames\7536638554001362182_frame_03.png,male,0.9961
josejayparker,7536638554001362182,results_4\josejayparker\7536638554001362182\frames\7536638554001362182_frame_04.png,male,0.9971
josejayparker,7536859832092019973,results_4\josejayparker\7536859832092019973\frames\7536859832092019973_frame_01.png,male,0.9972
josejayparker,7536859832092019973,results_4\josejayparker\7536859832092019973\frames\7536859832092019973_frame_02.png,male,0.9976
josejayparker,7536859832092019973,results_4\josejayparker\7536859832092019973\frames\7536859832092019973_frame_03.png,male,0.9973
josejayparker,7536859832092019973,results_4\josejayparker\7536859832092019973\frames\7536859832092019973_frame_04.png,male,0.9972
josepthovalle,7533407768569548038,results_4\josepthovalle\7533407768569548038\frames\7533407768569548038_frame_01.png,male,0.9281
josepthovalle,7537519774314548486,results_4\josepthovalle\7537519774314548486\frames\7537519774314548486_frame_03.png,male,0.9907
josepthovalle,7537519774314548486,results_4\josepthovalle\7537519774314548486\frames\7537519774314548486_frame_04.png,female,0.9139
josepthovalle,7538251899032620294,results_4\josepthovalle\7538251899032620294\frames\7538251899032620294_frame_01.png,male,0.991
josepthovalle,7538251899032620294,results_4\josepthovalle\7538251899032620294\frames\7538251899032620294_frame_02.png,male,0.9893
josepthovalle,7538251899032620294,results_4\josepthovalle\7538251899032620294\frames\7538251899032620294_frame_03.png,male,0.9924
josepthovalle,7538251899032620294,results_4\josepthovalle\7538251899032620294\frames\7538251899032620294_frame_04.png,male,0.9909
juliaaraleigh,7524886552980229431,results_4\juliaaraleigh\7524886552980229431\frames\7524886552980229431_frame_01.png,female,0.9981
juliaaraleigh,7524886552980229431,results_4\juliaaraleigh\7524886552980229431\frames\7524886552980229431_frame_02.png,female,0.9981
juliaaraleigh,7524886552980229431,results_4\juliaaraleigh\7524886552980229431\frames\7524886552980229431_frame_03.png,female,0.9982
juliaaraleigh,7524886552980229431,results_4\juliaaraleigh\7524886552980229431\frames\7524886552980229431_frame_04.png,female,0.9982
juliaaraleigh,7529628717463637261,results_4\juliaaraleigh\7529628717463637261\frames\7529628717463637261_frame_01.png,male,0.9963
juliaaraleigh,7529628717463637261,results_4\juliaaraleigh\7529628717463637261\frames\7529628717463637261_frame_02.png,male,0.9959
juliaaraleigh,7529628717463637261,results_4\juliaaraleigh\7529628717463637261\frames\7529628717463637261_frame_03.png,female,0.9976
juliaaraleigh,7529628717463637261,results_4\juliaaraleigh\7529628717463637261\frames\7529628717463637261_frame_04.png,male,0.9952
kanzsans,7459692568150871302,results_4\kanzsans\7459692568150871302\frames\7459692568150871302_frame_01.png,male,0.5484
kanzsans,7459692568150871302,results_4\kanzsans\7459692568150871302\frames\7459692568150871302_frame_02.png,male,0.9851
kanzsans,7459692568150871302,results_4\kanzsans\7459692568150871302\frames\7459692568150871302_frame_03.png,female,0.5983
kanzsans,7459692568150871302,results_4\kanzsans\7459692568150871302\frames\7459692568150871302_frame_04.png,male,0.9453
karen_in_qatar,7533199681426427143,results_4\karen_in_qatar\7533199681426427143\frames\7533199681426427143_frame_01.png,female,0.9907
karen_in_qatar,7533199681426427143,results_4\karen_in_qatar\7533199681426427143\frames\7533199681426427143_frame_02.png,female,0.9964
karen_in_qatar,7533199681426427143,results_4\karen_in_qatar\7533199681426427143\frames\7533199681426427143_frame_03.png,female,0.9977
karen_in_qatar,7533199681426427143,results_4\karen_in_qatar\7533199681426427143\frames\7533199681426427143_frame_04.png,female,0.998
karllagerfeld,7530958385253043478,results_4\karllagerfeld\7530958385253043478\frames\7530958385253043478_frame_01.png,female,0.8982
karllagerfeld,7530958385253043478,results_4\karllagerfeld\7530958385253043478\frames\7530958385253043478_frame_02.png,female,0.7797
karllagerfeld,7530958385253043478,results_4\karllagerfeld\7530958385253043478\frames\7530958385253043478_frame_03.png,female,0.5703
karllagerfeld,7530958385253043478,results_4\karllagerfeld\7530958385253043478\frames\7530958385253043478_frame_04.png,female,0.6343
karllagerfeld,7532555757913476384,results_4\karllagerfeld\7532555757913476384\frames\7532555757913476384_frame_01.png,female,0.9704
kashii996insta,7537621522068851990,results_4\kashii996insta\7537621522068851990\frames\7537621522068851990_frame_01.png,female,0.9972
kashii996insta,7537621522068851990,results_4\kashii996insta\7537621522068851990\frames\7537621522068851990_frame_02.png,female,0.998
kashii996insta,7538029670751538454,results_4\kashii996insta\7538029670751538454\frames\7538029670751538454_frame_01.png,female,0.6082
kashii996insta,7538029670751538454,results_4\kashii996insta\7538029670751538454\frames\7538029670751538454_frame_02.png,female,0.6044
kausarahmed635,7518043954999233810,results_4\kausarahmed635\7518043954999233810\frames\7518043954999233810_frame_01.png,male,0.9978
kausarahmed635,7518043954999233810,results_4\kausarahmed635\7518043954999233810\frames\7518043954999233810_frame_02.png,male,0.9978
kausarahmed635,7518043954999233810,results_4\kausarahmed635\7518043954999233810\frames\7518043954999233810_frame_03.png,male,0.9978
kausarahmed635,7518043954999233810,results_4\kausarahmed635\7518043954999233810\frames\7518043954999233810_frame_04.png,male,0.9977
keak_slot,7183538001509764379,results_4\keak_slot\7183538001509764379\frames\7183538001509764379_frame_04.png,female,0.6674
keak_slot,7185447854058638618,results_4\keak_slot\7185447854058638618\frames\7185447854058638618_frame_02.png,female,0.598
keak_slot,7185447854058638618,results_4\keak_slot\7185447854058638618\frames\7185447854058638618_frame_04.png,male,0.6643
keak_slot,7327491615080140050,results_4\keak_slot\7327491615080140050\frames\7327491615080140050_frame_01.png,female,0.9557
keak_slot,7327491615080140050,results_4\keak_slot\7327491615080140050\frames\7327491615080140050_frame_03.png,female,0.9855
keak_slot,7327491615080140050,results_4\keak_slot\7327491615080140050\frames\7327491615080140050_frame_04.png,female,0.9374
kennyroog,7531863754066169106,results_4\kennyroog\7531863754066169106\frames\7531863754066169106_frame_01.png,female,0.9979
kennyroog,7531863754066169106,results_4\kennyroog\7531863754066169106\frames\7531863754066169106_frame_02.png,female,0.9973
kennyroog,7531863754066169106,results_4\kennyroog\7531863754066169106\frames\7531863754066169106_frame_03.png,female,0.9978
kennyroog,7531863754066169106,results_4\kennyroog\7531863754066169106\frames\7531863754066169106_frame_04.png,female,0.9978
kennyroog,7533309738717662471,results_4\kennyroog\7533309738717662471\frames\7533309738717662471_frame_01.png,female,0.9973
kennyroog,7533309738717662471,results_4\kennyroog\7533309738717662471\frames\7533309738717662471_frame_02.png,female,0.9969
kennyroog,7533309738717662471,results_4\kennyroog\7533309738717662471\frames\7533309738717662471_frame_03.png,female,0.9975
kennyroog,7533309738717662471,results_4\kennyroog\7533309738717662471\frames\7533309738717662471_frame_04.png,female,0.9971
khally_dance,7533687913855405318,results_4\khally_dance\7533687913855405318\frames\7533687913855405318_frame_01.png,male,0.9653
khally_dance,7533687913855405318,results_4\khally_dance\7533687913855405318\frames\7533687913855405318_frame_02.png,female,0.7885
khally_dance,7533687913855405318,results_4\khally_dance\7533687913855405318\frames\7533687913855405318_frame_03.png,female,0.9611
khally_dance,7533687913855405318,results_4\khally_dance\7533687913855405318\frames\7533687913855405318_frame_04.png,male,0.5887
khally_dance,7534050998772354310,results_4\khally_dance\7534050998772354310\frames\7534050998772354310_frame_01.png,female,0.8003
khally_dance,7534050998772354310,results_4\khally_dance\7534050998772354310\frames\7534050998772354310_frame_02.png,female,0.7338
khally_dance,7534050998772354310,results_4\khally_dance\7534050998772354310\frames\7534050998772354310_frame_03.png,male,0.9657
khally_dance,7534050998772354310,results_4\khally_dance\7534050998772354310\frames\7534050998772354310_frame_04.png,male,0.8298
khally_dance,7535151898463063301,results_4\khally_dance\7535151898463063301\frames\7535151898463063301_frame_01.png,male,0.9652
khally_dance,7535151898463063301,results_4\khally_dance\7535151898463063301\frames\7535151898463063301_frame_02.png,male,0.9678
khally_dance,7535151898463063301,results_4\khally_dance\7535151898463063301\frames\7535151898463063301_frame_03.png,male,0.9909
khally_dance,7535151898463063301,results_4\khally_dance\7535151898463063301\frames\7535151898463063301_frame_04.png,male,0.9935
kimkiddoh2020,7510546582916451590,results_4\kimkiddoh2020\7510546582916451590\frames\7510546582916451590_frame_01.png,male,0.9955
kimkiddoh2020,7510546582916451590,results_4\kimkiddoh2020\7510546582916451590\frames\7510546582916451590_frame_02.png,male,0.9921
kimkiddoh2020,7510546582916451590,results_4\kimkiddoh2020\7510546582916451590\frames\7510546582916451590_frame_03.png,male,0.9963
kimkiddoh2020,7510546582916451590,results_4\kimkiddoh2020\7510546582916451590\frames\7510546582916451590_frame_04.png,male,0.9967
kissaikouma,7538656510847552824,results_4\kissaikouma\7538656510847552824\frames\7538656510847552824_frame_01.png,female,0.998
kissaikouma,7538656510847552824,results_4\kissaikouma\7538656510847552824\frames\7538656510847552824_frame_02.png,male,0.9975
kissaikouma,7538656510847552824,results_4\kissaikouma\7538656510847552824\frames\7538656510847552824_frame_03.png,male,0.9971
kissaikouma,7538656510847552824,results_4\kissaikouma\7538656510847552824\frames\7538656510847552824_frame_04.png,male,0.996
kissaikouma,7538694746223496453,results_4\kissaikouma\7538694746223496453\frames\7538694746223496453_frame_01.png,female,0.9972
kissaikouma,7538694746223496453,results_4\kissaikouma\7538694746223496453\frames\7538694746223496453_frame_02.png,female,0.997
kissaikouma,7538694746223496453,results_4\kissaikouma\7538694746223496453\frames\7538694746223496453_frame_03.png,female,0.9969
kissaikouma,7538694746223496453,results_4\kissaikouma\7538694746223496453\frames\7538694746223496453_frame_04.png,female,0.9974
kkearah.kkraus,7536645123401125175,results_4\kkearah.kkraus\7536645123401125175\frames\7536645123401125175_frame_04.png,male,0.5118
lahoussinebouizakarne75,7517047423831641400,results_4\lahoussinebouizakarne75\7517047423831641400\frames\7517047423831641400_frame_01.png,male,0.9967
lahoussinebouizakarne75,7517047423831641400,results_4\lahoussinebouizakarne75\7517047423831641400\frames\7517047423831641400_frame_02.png,male,0.9962
lahoussinebouizakarne75,7517047423831641400,results_4\lahoussinebouizakarne75\7517047423831641400\frames\7517047423831641400_frame_03.png,male,0.9962
lahoussinebouizakarne75,7517047423831641400,results_4\lahoussinebouizakarne75\7517047423831641400\frames\7517047423831641400_frame_04.png,male,0.9962
lahoussinebouizakarne75,7517803885210144056,results_4\lahoussinebouizakarne75\7517803885210144056\frames\7517803885210144056_frame_01.png,male,0.9969
lahoussinebouizakarne75,7517803885210144056,results_4\lahoussinebouizakarne75\7517803885210144056\frames\7517803885210144056_frame_02.png,male,0.9977
lahoussinebouizakarne75,7517803885210144056,results_4\lahoussinebouizakarne75\7517803885210144056\frames\7517803885210144056_frame_03.png,male,0.9977
lahoussinebouizakarne75,7517803885210144056,results_4\lahoussinebouizakarne75\7517803885210144056\frames\7517803885210144056_frame_04.png,male,0.6927
lahoussinebouizakarne75,7518532715558243590,results_4\lahoussinebouizakarne75\7518532715558243590\frames\7518532715558243590_frame_01.png,female,0.9914
lahoussinebouizakarne75,7518532715558243590,results_4\lahoussinebouizakarne75\7518532715558243590\frames\7518532715558243590_frame_02.png,female,0.997
lahoussinebouizakarne75,7518532715558243590,results_4\lahoussinebouizakarne75\7518532715558243590\frames\7518532715558243590_frame_03.png,female,0.9383
lahoussinebouizakarne75,7518532715558243590,results_4\lahoussinebouizakarne75\7518532715558243590\frames\7518532715558243590_frame_04.png,male,0.9935
laila_lailaq,7537335409756425477,results_4\laila_lailaq\7537335409756425477\frames\7537335409756425477_frame_01.png,female,0.9974
laila_lailaq,7537335409756425477,results_4\laila_lailaq\7537335409756425477\frames\7537335409756425477_frame_02.png,female,0.9974
laila_lailaq,7537335409756425477,results_4\laila_lailaq\7537335409756425477\frames\7537335409756425477_frame_03.png,female,0.9972
laila_lailaq,7537335409756425477,results_4\laila_lailaq\7537335409756425477\frames\7537335409756425477_frame_04.png,female,0.9973
laila_lailaq,7537901747348475192,results_4\laila_lailaq\7537901747348475192\frames\7537901747348475192_frame_01.png,female,0.998
laila_lailaq,7537901747348475192,results_4\laila_lailaq\7537901747348475192\frames\7537901747348475192_frame_02.png,female,0.9977
laila_lailaq,7537901747348475192,results_4\laila_lailaq\7537901747348475192\frames\7537901747348475192_frame_03.png,female,0.9974
laila_lailaq,7537901747348475192,results_4\laila_lailaq\7537901747348475192\frames\7537901747348475192_frame_04.png,female,0.9978
laila_lailaq,7538609114147048711,results_4\laila_lailaq\7538609114147048711\frames\7538609114147048711_frame_01.png,female,0.9947
laila_lailaq,7538609114147048711,results_4\laila_lailaq\7538609114147048711\frames\7538609114147048711_frame_02.png,female,0.9971
laila_lailaq,7538609114147048711,results_4\laila_lailaq\7538609114147048711\frames\7538609114147048711_frame_03.png,female,0.9342
laila_lailaq,7538609114147048711,results_4\laila_lailaq\7538609114147048711\frames\7538609114147048711_frame_04.png,female,0.9851
lakasud.com,7532822519384935688,results_4\lakasud.com\7532822519384935688\frames\7532822519384935688_frame_02.png,female,0.9862
lakasud.com,7532822519384935688,results_4\lakasud.com\7532822519384935688\frames\7532822519384935688_frame_03.png,female,0.9947
lakasud.com,7532822519384935688,results_4\lakasud.com\7532822519384935688\frames\7532822519384935688_frame_04.png,female,0.9236
lakasud.com,7533538620922219784,results_4\lakasud.com\7533538620922219784\frames\7533538620922219784_frame_02.png,male,0.9813
lakasud.com,7533538620922219784,results_4\lakasud.com\7533538620922219784\frames\7533538620922219784_frame_04.png,female,0.8668
lapiadiaz,7519746369200966930,results_4\lapiadiaz\7519746369200966930\frames\7519746369200966930_frame_01.png,female,0.9952
lapiadiaz,7519746369200966930,results_4\lapiadiaz\7519746369200966930\frames\7519746369200966930_frame_02.png,female,0.9972
lapiadiaz,7519746369200966930,results_4\lapiadiaz\7519746369200966930\frames\7519746369200966930_frame_03.png,female,0.9979
lapiadiaz,7519746369200966930,results_4\lapiadiaz\7519746369200966930\frames\7519746369200966930_frame_04.png,female,0.9977
lapiadiaz,7526762779865287943,results_4\lapiadiaz\7526762779865287943\frames\7526762779865287943_frame_01.png,female,0.9947
lapiadiaz,7526762779865287943,results_4\lapiadiaz\7526762779865287943\frames\7526762779865287943_frame_02.png,female,0.9451
lapiadiaz,7526762779865287943,results_4\lapiadiaz\7526762779865287943\frames\7526762779865287943_frame_03.png,female,0.9952
lapiadiaz,7526762779865287943,results_4\lapiadiaz\7526762779865287943\frames\7526762779865287943_frame_04.png,female,0.995
lapiadiaz,7531588603923664135,results_4\lapiadiaz\7531588603923664135\frames\7531588603923664135_frame_01.png,female,0.7579
lapiadiaz,7531588603923664135,results_4\lapiadiaz\7531588603923664135\frames\7531588603923664135_frame_04.png,female,0.8811
laragya_,7530923242605890834,results_4\laragya_\7530923242605890834\frames\7530923242605890834_frame_01.png,female,0.9967
laragya_,7530923242605890834,results_4\laragya_\7530923242605890834\frames\7530923242605890834_frame_02.png,female,0.9967
laragya_,7530923242605890834,results_4\laragya_\7530923242605890834\frames\7530923242605890834_frame_03.png,female,0.9929
laragya_,7530923242605890834,results_4\laragya_\7530923242605890834\frames\7530923242605890834_frame_04.png,female,0.9968
laragya_,7537806613814512904,results_4\laragya_\7537806613814512904\frames\7537806613814512904_frame_01.png,female,0.9981
laragya_,7537806613814512904,results_4\laragya_\7537806613814512904\frames\7537806613814512904_frame_02.png,female,0.9982
laragya_,7537806613814512904,results_4\laragya_\7537806613814512904\frames\7537806613814512904_frame_03.png,female,0.9953
laragya_,7537806613814512904,results_4\laragya_\7537806613814512904\frames\7537806613814512904_frame_04.png,female,0.9907
lasvegasfill,7537827286649703735,results_4\lasvegasfill\7537827286649703735\frames\7537827286649703735_frame_01.png,female,0.5559
lasvegasfill,7538633292363435278,results_4\lasvegasfill\7538633292363435278\frames\7538633292363435278_frame_01.png,female,0.611
lasvegasfill,7538633292363435278,results_4\lasvegasfill\7538633292363435278\frames\7538633292363435278_frame_03.png,male,0.7003
lasvegasfill,7538633292363435278,results_4\lasvegasfill\7538633292363435278\frames\7538633292363435278_frame_04.png,female,0.5658
latesha.bby,7535720729896029470,results_4\latesha.bby\7535720729896029470\frames\7535720729896029470_frame_01.png,female,0.9978
latesha.bby,7535720729896029470,results_4\latesha.bby\7535720729896029470\frames\7535720729896029470_frame_02.png,female,0.9981
latesha.bby,7535720729896029470,results_4\latesha.bby\7535720729896029470\frames\7535720729896029470_frame_03.png,female,0.9978
latesha.bby,7535720729896029470,results_4\latesha.bby\7535720729896029470\frames\7535720729896029470_frame_04.png,female,0.998
latesha.bby,7536048616763313438,results_4\latesha.bby\7536048616763313438\frames\7536048616763313438_frame_02.png,female,0.9974
latesha.bby,7536048616763313438,results_4\latesha.bby\7536048616763313438\frames\7536048616763313438_frame_03.png,female,0.9979
latesha.bby,7536048616763313438,results_4\latesha.bby\7536048616763313438\frames\7536048616763313438_frame_04.png,female,0.9953
latesha.bby,7537192343531818271,results_4\latesha.bby\7537192343531818271\frames\7537192343531818271_frame_01.png,female,0.9966
latesha.bby,7537192343531818271,results_4\latesha.bby\7537192343531818271\frames\7537192343531818271_frame_02.png,female,0.997
latesha.bby,7537192343531818271,results_4\latesha.bby\7537192343531818271\frames\7537192343531818271_frame_03.png,female,0.997
latesha.bby,7537192343531818271,results_4\latesha.bby\7537192343531818271\frames\7537192343531818271_frame_04.png,female,0.9959
lauren_angelina_,7520049957898882359,results_4\lauren_angelina_\7520049957898882359\frames\7520049957898882359_frame_01.png,female,0.998
lauren_angelina_,7520049957898882359,results_4\lauren_angelina_\7520049957898882359\frames\7520049957898882359_frame_02.png,female,0.9979
lauren_angelina_,7520049957898882359,results_4\lauren_angelina_\7520049957898882359\frames\7520049957898882359_frame_03.png,female,0.9977
lauren_angelina_,7520049957898882359,results_4\lauren_angelina_\7520049957898882359\frames\7520049957898882359_frame_04.png,female,0.997
lauren_angelina_,7523120382220487950,results_4\lauren_angelina_\7523120382220487950\frames\7523120382220487950_frame_01.png,female,0.9979
lauren_angelina_,7523120382220487950,results_4\lauren_angelina_\7523120382220487950\frames\7523120382220487950_frame_02.png,female,0.998
lauren_angelina_,7523120382220487950,results_4\lauren_angelina_\7523120382220487950\frames\7523120382220487950_frame_03.png,female,0.9979
lauren_angelina_,7523120382220487950,results_4\lauren_angelina_\7523120382220487950\frames\7523120382220487950_frame_04.png,female,0.9978
lauren_angelina_,7533770769218718990,results_4\lauren_angelina_\7533770769218718990\frames\7533770769218718990_frame_02.png,female,0.9971
laurenlovelessss,7536307671268347191,results_4\laurenlovelessss\7536307671268347191\frames\7536307671268347191_frame_02.png,female,0.9967
laurenlovelessss,7536307671268347191,results_4\laurenlovelessss\7536307671268347191\frames\7536307671268347191_frame_03.png,female,0.9923
laurenlovelessss,7536307671268347191,results_4\laurenlovelessss\7536307671268347191\frames\7536307671268347191_frame_04.png,female,0.9974
laurenlovelessss,7537085529397939470,results_4\laurenlovelessss\7537085529397939470\frames\7537085529397939470_frame_01.png,female,0.7918
laurenlovelessss,7537460636406648119,results_4\laurenlovelessss\7537460636406648119\frames\7537460636406648119_frame_01.png,female,0.9981
laurenlovelessss,7537460636406648119,results_4\laurenlovelessss\7537460636406648119\frames\7537460636406648119_frame_02.png,female,0.9981
laurenlovelessss,7537460636406648119,results_4\laurenlovelessss\7537460636406648119\frames\7537460636406648119_frame_03.png,female,0.9981
laurenlovelessss,7537460636406648119,results_4\laurenlovelessss\7537460636406648119\frames\7537460636406648119_frame_04.png,female,0.9982
lea_navvab,7536961825468927253,results_4\lea_navvab\7536961825468927253\frames\7536961825468927253_frame_01.png,female,0.9979
lea_navvab,7536961825468927253,results_4\lea_navvab\7536961825468927253\frames\7536961825468927253_frame_02.png,female,0.9963
lea_navvab,7536961825468927253,results_4\lea_navvab\7536961825468927253\frames\7536961825468927253_frame_03.png,female,0.9972
lea_navvab,7536961825468927253,results_4\lea_navvab\7536961825468927253\frames\7536961825468927253_frame_04.png,female,0.9964
lea_navvab,7537633980686814465,results_4\lea_navvab\7537633980686814465\frames\7537633980686814465_frame_01.png,female,0.9979
lea_navvab,7537633980686814465,results_4\lea_navvab\7537633980686814465\frames\7537633980686814465_frame_02.png,female,0.997
lea_navvab,7537633980686814465,results_4\lea_navvab\7537633980686814465\frames\7537633980686814465_frame_03.png,female,0.9971
lea_navvab,7537633980686814465,results_4\lea_navvab\7537633980686814465\frames\7537633980686814465_frame_04.png,female,0.9976
lea_navvab,7537855818000043280,results_4\lea_navvab\7537855818000043280\frames\7537855818000043280_frame_01.png,female,0.9976
lea_navvab,7537855818000043280,results_4\lea_navvab\7537855818000043280\frames\7537855818000043280_frame_04.png,female,0.998
leniuszkiwtrasie,7532188051653594390,results_4\leniuszkiwtrasie\7532188051653594390\frames\7532188051653594390_frame_04.png,male,0.5509
leniuszkiwtrasie,7532912869713726742,results_4\leniuszkiwtrasie\7532912869713726742\frames\7532912869713726742_frame_01.png,female,0.9978
leniuszkiwtrasie,7532912869713726742,results_4\leniuszkiwtrasie\7532912869713726742\frames\7532912869713726742_frame_02.png,female,0.9977
leniuszkiwtrasie,7532912869713726742,results_4\leniuszkiwtrasie\7532912869713726742\frames\7532912869713726742_frame_03.png,female,0.998
leniuszkiwtrasie,7532912869713726742,results_4\leniuszkiwtrasie\7532912869713726742\frames\7532912869713726742_frame_04.png,female,0.997
leniuszkiwtrasie,7534775610401475862,results_4\leniuszkiwtrasie\7534775610401475862\frames\7534775610401475862_frame_01.png,female,0.9979
leniuszkiwtrasie,7534775610401475862,results_4\leniuszkiwtrasie\7534775610401475862\frames\7534775610401475862_frame_02.png,female,0.9972
lifeofkenziew,7538426417382559006,results_4\lifeofkenziew\7538426417382559006\frames\7538426417382559006_frame_02.png,female,0.9658
lifeofkenziew,7538426417382559006,results_4\lifeofkenziew\7538426417382559006\frames\7538426417382559006_frame_03.png,female,0.8828
lifeofkenziew,7538426417382559006,results_4\lifeofkenziew\7538426417382559006\frames\7538426417382559006_frame_04.png,female,0.9495
lifeofkenziew,7538550506252176670,results_4\lifeofkenziew\7538550506252176670\frames\7538550506252176670_frame_01.png,female,0.9333
lifeofkenziew,7538550506252176670,results_4\lifeofkenziew\7538550506252176670\frames\7538550506252176670_frame_02.png,female,0.9624
lifeofkenziew,7538550506252176670,results_4\lifeofkenziew\7538550506252176670\frames\7538550506252176670_frame_03.png,female,0.9878
lifeofkenziew,7538550506252176670,results_4\lifeofkenziew\7538550506252176670\frames\7538550506252176670_frame_04.png,female,0.9921
lifeofkenziew,7538601144038247711,results_4\lifeofkenziew\7538601144038247711\frames\7538601144038247711_frame_01.png,female,0.9853
lifeofkenziew,7538601144038247711,results_4\lifeofkenziew\7538601144038247711\frames\7538601144038247711_frame_02.png,male,0.9966
lifeofkenziew,7538601144038247711,results_4\lifeofkenziew\7538601144038247711\frames\7538601144038247711_frame_03.png,male,0.9958
lifeofkenziew,7538601144038247711,results_4\lifeofkenziew\7538601144038247711\frames\7538601144038247711_frame_04.png,male,0.995
linhnguyenlb,7536909930910076161,results_4\linhnguyenlb\7536909930910076161\frames\7536909930910076161_frame_01.png,female,0.9944
linhnguyenlb,7536909930910076161,results_4\linhnguyenlb\7536909930910076161\frames\7536909930910076161_frame_02.png,female,0.9975
linhnguyenlb,7536909930910076161,results_4\linhnguyenlb\7536909930910076161\frames\7536909930910076161_frame_03.png,female,0.9976
linhnguyenlb,7536909930910076161,results_4\linhnguyenlb\7536909930910076161\frames\7536909930910076161_frame_04.png,female,0.9975
linlu_08,7354582257266429202,results_4\linlu_08\7354582257266429202\frames\7354582257266429202_frame_01.png,male,0.9903
linlu_08,7354582257266429202,results_4\linlu_08\7354582257266429202\frames\7354582257266429202_frame_02.png,male,0.9892
linlu_08,7354582257266429202,results_4\linlu_08\7354582257266429202\frames\7354582257266429202_frame_03.png,male,0.9884
linlu_08,7354582257266429202,results_4\linlu_08\7354582257266429202\frames\7354582257266429202_frame_04.png,male,0.9918
linlu_08,7393869656726965522,results_4\linlu_08\7393869656726965522\frames\7393869656726965522_frame_03.png,male,0.9927
linlu_08,7393869656726965522,results_4\linlu_08\7393869656726965522\frames\7393869656726965522_frame_04.png,male,0.9945
linstantnoodles_,7531858322199219511,results_4\linstantnoodles_\7531858322199219511\frames\7531858322199219511_frame_01.png,male,0.8556
linstantnoodles_,7531858322199219511,results_4\linstantnoodles_\7531858322199219511\frames\7531858322199219511_frame_02.png,female,0.9938
linstantnoodles_,7531858322199219511,results_4\linstantnoodles_\7531858322199219511\frames\7531858322199219511_frame_03.png,female,0.9953
linstantnoodles_,7531858322199219511,results_4\linstantnoodles_\7531858322199219511\frames\7531858322199219511_frame_04.png,female,0.9951
linstantnoodles_,7534458641517137166,results_4\linstantnoodles_\7534458641517137166\frames\7534458641517137166_frame_01.png,male,0.9863
linstantnoodles_,7534458641517137166,results_4\linstantnoodles_\7534458641517137166\frames\7534458641517137166_frame_02.png,male,0.7097
linstantnoodles_,7534458641517137166,results_4\linstantnoodles_\7534458641517137166\frames\7534458641517137166_frame_03.png,male,0.5236
linstantnoodles_,7534458641517137166,results_4\linstantnoodles_\7534458641517137166\frames\7534458641517137166_frame_04.png,male,0.8685
littleyeg,7522551286915517710,results_4\littleyeg\7522551286915517710\frames\7522551286915517710_frame_01.png,female,0.9977
littleyeg,7522551286915517710,results_4\littleyeg\7522551286915517710\frames\7522551286915517710_frame_02.png,female,0.9978
littleyeg,7522551286915517710,results_4\littleyeg\7522551286915517710\frames\7522551286915517710_frame_03.png,female,0.9974
littleyeg,7522551286915517710,results_4\littleyeg\7522551286915517710\frames\7522551286915517710_frame_04.png,female,0.9977
littleyeg,7533738244484254990,results_4\littleyeg\7533738244484254990\frames\7533738244484254990_frame_01.png,male,0.998
littleyeg,7533738244484254990,results_4\littleyeg\7533738244484254990\frames\7533738244484254990_frame_02.png,male,0.998
littleyeg,7533738244484254990,results_4\littleyeg\7533738244484254990\frames\7533738244484254990_frame_03.png,male,0.9981
littleyeg,7533738244484254990,results_4\littleyeg\7533738244484254990\frames\7533738244484254990_frame_04.png,male,0.998
littleyeg,7535936439494724878,results_4\littleyeg\7535936439494724878\frames\7535936439494724878_frame_03.png,male,0.9763
littleyeg,7535936439494724878,results_4\littleyeg\7535936439494724878\frames\7535936439494724878_frame_04.png,female,0.9974
lofiofficial,7538676623982300434,results_4\lofiofficial\7538676623982300434\frames\7538676623982300434_frame_03.png,male,0.6488
lofiofficial,7538676623982300434,results_4\lofiofficial\7538676623982300434\frames\7538676623982300434_frame_04.png,male,0.6769
lolicoquette,7414905718354038022,results_4\lolicoquette\7414905718354038022\frames\7414905718354038022_frame_01.png,male,0.6102
lolo_genx_,7514060874794011950,results_4\lolo_genx_\7514060874794011950\frames\7514060874794011950_frame_01.png,female,0.963
lolo_genx_,7514060874794011950,results_4\lolo_genx_\7514060874794011950\frames\7514060874794011950_frame_02.png,female,0.8507
lolo_genx_,7514060874794011950,results_4\lolo_genx_\7514060874794011950\frames\7514060874794011950_frame_03.png,female,0.8526
lolo_genx_,7514060874794011950,results_4\lolo_genx_\7514060874794011950\frames\7514060874794011950_frame_04.png,female,0.9795
lolo_genx_,7514365132340759851,results_4\lolo_genx_\7514365132340759851\frames\7514365132340759851_frame_04.png,female,0.5185
lolo_genx_,7515249109922745646,results_4\lolo_genx_\7515249109922745646\frames\7515249109922745646_frame_01.png,female,0.668
lolo_genx_,7515249109922745646,results_4\lolo_genx_\7515249109922745646\frames\7515249109922745646_frame_02.png,female,0.8733
lolo_genx_,7515249109922745646,results_4\lolo_genx_\7515249109922745646\frames\7515249109922745646_frame_03.png,female,0.6762
lolo_genx_,7515249109922745646,results_4\lolo_genx_\7515249109922745646\frames\7515249109922745646_frame_04.png,female,0.72
lorenelaplusbelle,7535939769432313110,results_4\lorenelaplusbelle\7535939769432313110\frames\7535939769432313110_frame_01.png,female,0.9861
lorenelaplusbelle,7535939769432313110,results_4\lorenelaplusbelle\7535939769432313110\frames\7535939769432313110_frame_02.png,female,0.9973
lorenelaplusbelle,7535939769432313110,results_4\lorenelaplusbelle\7535939769432313110\frames\7535939769432313110_frame_03.png,female,0.9965
lorenelaplusbelle,7535939769432313110,results_4\lorenelaplusbelle\7535939769432313110\frames\7535939769432313110_frame_04.png,female,0.9978
lorenelaplusbelle,7535941689358421271,results_4\lorenelaplusbelle\7535941689358421271\frames\7535941689358421271_frame_01.png,female,0.9975
lorenelaplusbelle,7535941689358421271,results_4\lorenelaplusbelle\7535941689358421271\frames\7535941689358421271_frame_04.png,female,0.9975
lorenelaplusbelle,7536197429188676886,results_4\lorenelaplusbelle\7536197429188676886\frames\7536197429188676886_frame_01.png,female,0.992
lorenelaplusbelle,7536197429188676886,results_4\lorenelaplusbelle\7536197429188676886\frames\7536197429188676886_frame_02.png,male,0.8203
lorenelaplusbelle,7536197429188676886,results_4\lorenelaplusbelle\7536197429188676886\frames\7536197429188676886_frame_03.png,female,0.9965
lorenelaplusbelle,7536197429188676886,results_4\lorenelaplusbelle\7536197429188676886\frames\7536197429188676886_frame_04.png,male,0.6331
lospayasosmasvirales,7529754258812554502,results_4\lospayasosmasvirales\7529754258812554502\frames\7529754258812554502_frame_01.png,female,0.6084
lospayasosmasvirales,7529754258812554502,results_4\lospayasosmasvirales\7529754258812554502\frames\7529754258812554502_frame_02.png,male,0.7853
lospayasosmasvirales,7529754258812554502,results_4\lospayasosmasvirales\7529754258812554502\frames\7529754258812554502_frame_03.png,male,0.967
lospayasosmasvirales,7529754258812554502,results_4\lospayasosmasvirales\7529754258812554502\frames\7529754258812554502_frame_04.png,male,0.5729
lospayasosmasvirales,7531251906094714168,results_4\lospayasosmasvirales\7531251906094714168\frames\7531251906094714168_frame_01.png,female,0.9878
lospayasosmasvirales,7531251906094714168,results_4\lospayasosmasvirales\7531251906094714168\frames\7531251906094714168_frame_02.png,male,0.9968
lospayasosmasvirales,7531251906094714168,results_4\lospayasosmasvirales\7531251906094714168\frames\7531251906094714168_frame_03.png,male,0.5251
lospayasosmasvirales,7531251906094714168,results_4\lospayasosmasvirales\7531251906094714168\frames\7531251906094714168_frame_04.png,male,0.5222
lospayasosmasvirales,7532722643372494136,results_4\lospayasosmasvirales\7532722643372494136\frames\7532722643372494136_frame_01.png,female,0.8844
lospayasosmasvirales,7532722643372494136,results_4\lospayasosmasvirales\7532722643372494136\frames\7532722643372494136_frame_02.png,female,0.9036
lospayasosmasvirales,7532722643372494136,results_4\lospayasosmasvirales\7532722643372494136\frames\7532722643372494136_frame_03.png,female,0.9341
lospayasosmasvirales,7532722643372494136,results_4\lospayasosmasvirales\7532722643372494136\frames\7532722643372494136_frame_04.png,male,0.9783
loveemanda,7537408846118145311,results_4\loveemanda\7537408846118145311\frames\7537408846118145311_frame_01.png,female,0.9981
loveemanda,7537408846118145311,results_4\loveemanda\7537408846118145311\frames\7537408846118145311_frame_03.png,female,0.9982
loveemanda,7537408846118145311,results_4\loveemanda\7537408846118145311\frames\7537408846118145311_frame_04.png,female,0.9982
loveemanda,7537744259881995551,results_4\loveemanda\7537744259881995551\frames\7537744259881995551_frame_01.png,female,0.9876
loveemanda,7537744259881995551,results_4\loveemanda\7537744259881995551\frames\7537744259881995551_frame_02.png,female,0.9971
loveemanda,7537744259881995551,results_4\loveemanda\7537744259881995551\frames\7537744259881995551_frame_03.png,female,0.991
loveemanda,7537744259881995551,results_4\loveemanda\7537744259881995551\frames\7537744259881995551_frame_04.png,female,0.7969
loveemanda,7538166352696184094,results_4\loveemanda\7538166352696184094\frames\7538166352696184094_frame_01.png,female,0.9975
loveemanda,7538166352696184094,results_4\loveemanda\7538166352696184094\frames\7538166352696184094_frame_02.png,female,0.9976
loveemanda,7538166352696184094,results_4\loveemanda\7538166352696184094\frames\7538166352696184094_frame_03.png,female,0.9981
lovers_of_fig_trees,7536615750379801857,results_4\lovers_of_fig_trees\7536615750379801857\frames\7536615750379801857_frame_02.png,female,0.9605
lovers_of_fig_trees,7536994405903764753,results_4\lovers_of_fig_trees\7536994405903764753\frames\7536994405903764753_frame_01.png,male,0.9946
lovers_of_fig_trees,7536994405903764753,results_4\lovers_of_fig_trees\7536994405903764753\frames\7536994405903764753_frame_02.png,male,0.9976
lovers_of_fig_trees,7536994405903764753,results_4\lovers_of_fig_trees\7536994405903764753\frames\7536994405903764753_frame_03.png,male,0.998
lovers_of_fig_trees,7536994405903764753,results_4\lovers_of_fig_trees\7536994405903764753\frames\7536994405903764753_frame_04.png,male,0.9969
lovers_of_fig_trees,7538055391087742209,results_4\lovers_of_fig_trees\7538055391087742209\frames\7538055391087742209_frame_02.png,male,0.7987
lovers_of_fig_trees,7538055391087742209,results_4\lovers_of_fig_trees\7538055391087742209\frames\7538055391087742209_frame_03.png,male,0.9292
lovers_of_fig_trees,7538055391087742209,results_4\lovers_of_fig_trees\7538055391087742209\frames\7538055391087742209_frame_04.png,male,0.9713
luiza_mayers,7522630111301012792,results_4\luiza_mayers\7522630111301012792\frames\7522630111301012792_frame_01.png,male,0.9976
luiza_mayers,7522630111301012792,results_4\luiza_mayers\7522630111301012792\frames\7522630111301012792_frame_02.png,male,0.9981
luiza_mayers,7522630111301012792,results_4\luiza_mayers\7522630111301012792\frames\7522630111301012792_frame_03.png,male,0.9979
luiza_mayers,7522630111301012792,results_4\luiza_mayers\7522630111301012792\frames\7522630111301012792_frame_04.png,male,0.9977
lukaswala,7535142595555691799,results_4\lukaswala\7535142595555691799\frames\7535142595555691799_frame_02.png,male,0.9448
lukaswala,7535142595555691799,results_4\lukaswala\7535142595555691799\frames\7535142595555691799_frame_03.png,male,0.6612
lukaswala,7538108245009796374,results_4\lukaswala\7538108245009796374\frames\7538108245009796374_frame_03.png,male,0.9978
lukaswala,7538108245009796374,results_4\lukaswala\7538108245009796374\frames\7538108245009796374_frame_04.png,male,0.9966
lukaswala,7538478640229698838,results_4\lukaswala\7538478640229698838\frames\7538478640229698838_frame_01.png,male,0.9957
lukaswala,7538478640229698838,results_4\lukaswala\7538478640229698838\frames\7538478640229698838_frame_02.png,male,0.9965
lukaswala,7538478640229698838,results_4\lukaswala\7538478640229698838\frames\7538478640229698838_frame_03.png,male,0.9763
lukaswala,7538478640229698838,results_4\lukaswala\7538478640229698838\frames\7538478640229698838_frame_04.png,male,0.9971
lyma.jkt,7517629782662663480,results_4\lyma.jkt\7517629782662663480\frames\7517629782662663480_frame_01.png,male,0.7136
lyma.jkt,7517629782662663480,results_4\lyma.jkt\7517629782662663480\frames\7517629782662663480_frame_02.png,male,0.5764
lyma.jkt,7518355675181878534,results_4\lyma.jkt\7518355675181878534\frames\7518355675181878534_frame_01.png,female,0.9056
lyma.jkt,7518355675181878534,results_4\lyma.jkt\7518355675181878534\frames\7518355675181878534_frame_02.png,female,0.7513
lyma.jkt,7518355675181878534,results_4\lyma.jkt\7518355675181878534\frames\7518355675181878534_frame_03.png,female,0.9707
lyma.jkt,7518355675181878534,results_4\lyma.jkt\7518355675181878534\frames\7518355675181878534_frame_04.png,female,0.992
maciuss17,7535864724701875478,results_4\maciuss17\7535864724701875478\frames\7535864724701875478_frame_01.png,male,0.9541
maciuss17,7535864724701875478,results_4\maciuss17\7535864724701875478\frames\7535864724701875478_frame_02.png,male,0.9183
maciuss17,7535864724701875478,results_4\maciuss17\7535864724701875478\frames\7535864724701875478_frame_03.png,male,0.8544
maciuss17,7535864724701875478,results_4\maciuss17\7535864724701875478\frames\7535864724701875478_frame_04.png,male,0.9312
maciuss17,7537645736943521046,results_4\maciuss17\7537645736943521046\frames\7537645736943521046_frame_01.png,male,0.983
maciuss17,7537645736943521046,results_4\maciuss17\7537645736943521046\frames\7537645736943521046_frame_02.png,male,0.9903
maciuss17,7537645736943521046,results_4\maciuss17\7537645736943521046\frames\7537645736943521046_frame_03.png,male,0.9909
maciuss17,7537645736943521046,results_4\maciuss17\7537645736943521046\frames\7537645736943521046_frame_04.png,male,0.9917
malek.hac,7536290743996910870,results_4\malek.hac\7536290743996910870\frames\7536290743996910870_frame_01.png,female,0.9971
malek.hac,7536290743996910870,results_4\malek.hac\7536290743996910870\frames\7536290743996910870_frame_02.png,female,0.9974
malek.hac,7536290743996910870,results_4\malek.hac\7536290743996910870\frames\7536290743996910870_frame_03.png,female,0.9975
malek.hac,7536290743996910870,results_4\malek.hac\7536290743996910870\frames\7536290743996910870_frame_04.png,female,0.9972
malek.hac,7537026429180038422,results_4\malek.hac\7537026429180038422\frames\7537026429180038422_frame_01.png,female,0.9976
malek.hac,7537026429180038422,results_4\malek.hac\7537026429180038422\frames\7537026429180038422_frame_02.png,female,0.9976
malek.hac,7537026429180038422,results_4\malek.hac\7537026429180038422\frames\7537026429180038422_frame_03.png,female,0.9976
malek.hac,7537026429180038422,results_4\malek.hac\7537026429180038422\frames\7537026429180038422_frame_04.png,female,0.9977
malek.hac,7537711960838868247,results_4\malek.hac\7537711960838868247\frames\7537711960838868247_frame_01.png,female,0.9969
malek.hac,7537711960838868247,results_4\malek.hac\7537711960838868247\frames\7537711960838868247_frame_02.png,female,0.9961
malek.hac,7537711960838868247,results_4\malek.hac\7537711960838868247\frames\7537711960838868247_frame_03.png,female,0.9966
malek.hac,7537711960838868247,results_4\malek.hac\7537711960838868247\frames\7537711960838868247_frame_04.png,female,0.9967
maliksohailwadd3,7538359487703403796,results_4\maliksohailwadd3\7538359487703403796\frames\7538359487703403796_frame_01.png,male,0.9974
maliksohailwadd3,7538359487703403796,results_4\maliksohailwadd3\7538359487703403796\frames\7538359487703403796_frame_02.png,male,0.9967
maliksohailwadd3,7538359487703403796,results_4\maliksohailwadd3\7538359487703403796\frames\7538359487703403796_frame_03.png,male,0.997
maliksohailwadd3,7538359487703403796,results_4\maliksohailwadd3\7538359487703403796\frames\7538359487703403796_frame_04.png,male,0.9961
maliksohailwadd3,7538675144126942481,results_4\maliksohailwadd3\7538675144126942481\frames\7538675144126942481_frame_01.png,male,0.9661
maliksohailwadd3,7538675144126942481,results_4\maliksohailwadd3\7538675144126942481\frames\7538675144126942481_frame_02.png,male,0.9949
maliksohailwadd3,7538675144126942481,results_4\maliksohailwadd3\7538675144126942481\frames\7538675144126942481_frame_04.png,male,0.992
maliksohailwadd3,7538710597328850196,results_4\maliksohailwadd3\7538710597328850196\frames\7538710597328850196_frame_01.png,male,0.992
maliksohailwadd3,7538710597328850196,results_4\maliksohailwadd3\7538710597328850196\frames\7538710597328850196_frame_02.png,male,0.9933
maliksohailwadd3,7538710597328850196,results_4\maliksohailwadd3\7538710597328850196\frames\7538710597328850196_frame_03.png,male,0.9858
maliksohailwadd3,7538710597328850196,results_4\maliksohailwadd3\7538710597328850196\frames\7538710597328850196_frame_04.png,male,0.8884
mamadramahr,7538384146431888662,results_4\mamadramahr\7538384146431888662\frames\7538384146431888662_frame_01.png,female,0.8289
mamadramahr,7538384146431888662,results_4\mamadramahr\7538384146431888662\frames\7538384146431888662_frame_03.png,female,0.9627
mamadramahr,7538384146431888662,results_4\mamadramahr\7538384146431888662\frames\7538384146431888662_frame_04.png,male,0.9896
mamanjolie324,7537120226610040120,results_4\mamanjolie324\7537120226610040120\frames\7537120226610040120_frame_01.png,female,0.9975
mamanjolie324,7537120226610040120,results_4\mamanjolie324\7537120226610040120\frames\7537120226610040120_frame_02.png,female,0.9974
mamanjolie324,7537120226610040120,results_4\mamanjolie324\7537120226610040120\frames\7537120226610040120_frame_03.png,female,0.9975
mamanjolie324,7537120226610040120,results_4\mamanjolie324\7537120226610040120\frames\7537120226610040120_frame_04.png,female,0.9958
mamanjolie324,7537316307084135736,results_4\mamanjolie324\7537316307084135736\frames\7537316307084135736_frame_02.png,female,0.9971
mamanjolie324,7537316307084135736,results_4\mamanjolie324\7537316307084135736\frames\7537316307084135736_frame_03.png,female,0.9977
mamanjolie324,7537316307084135736,results_4\mamanjolie324\7537316307084135736\frames\7537316307084135736_frame_04.png,female,0.9903
mamanjolie324,7537334316368530694,results_4\mamanjolie324\7537334316368530694\frames\7537334316368530694_frame_01.png,female,0.9964
mamanjolie324,7537334316368530694,results_4\mamanjolie324\7537334316368530694\frames\7537334316368530694_frame_02.png,female,0.9962
mamanjolie324,7537334316368530694,results_4\mamanjolie324\7537334316368530694\frames\7537334316368530694_frame_03.png,female,0.9979
mamanjolie324,7537334316368530694,results_4\mamanjolie324\7537334316368530694\frames\7537334316368530694_frame_04.png,female,0.9977
mamiserce,7514384282811419911,results_4\mamiserce\7514384282811419911\frames\7514384282811419911_frame_01.png,male,0.9969
mamiserce,7514384282811419911,results_4\mamiserce\7514384282811419911\frames\7514384282811419911_frame_02.png,male,0.9976
mamiserce,7514384282811419911,results_4\mamiserce\7514384282811419911\frames\7514384282811419911_frame_03.png,male,0.9975
mamiserce,7514384282811419911,results_4\mamiserce\7514384282811419911\frames\7514384282811419911_frame_04.png,male,0.998
mamiserce,7515480272641461522,results_4\mamiserce\7515480272641461522\frames\7515480272641461522_frame_01.png,male,0.9979
mamiserce,7515480272641461522,results_4\mamiserce\7515480272641461522\frames\7515480272641461522_frame_02.png,male,0.9981
mamiserce,7515480272641461522,results_4\mamiserce\7515480272641461522\frames\7515480272641461522_frame_03.png,male,0.998
mamiserce,7515480272641461522,results_4\mamiserce\7515480272641461522\frames\7515480272641461522_frame_04.png,male,0.9976
mamiserce,7521742373467032850,results_4\mamiserce\7521742373467032850\frames\7521742373467032850_frame_01.png,male,0.9959
mamiserce,7521742373467032850,results_4\mamiserce\7521742373467032850\frames\7521742373467032850_frame_03.png,male,0.9591
mamiserce,7521742373467032850,results_4\mamiserce\7521742373467032850\frames\7521742373467032850_frame_04.png,male,0.9937
mandasmoraes,7528450835811028280,results_4\mandasmoraes\7528450835811028280\frames\7528450835811028280_frame_01.png,male,0.5817
mandasmoraes,7528450835811028280,results_4\mandasmoraes\7528450835811028280\frames\7528450835811028280_frame_02.png,female,0.5817
mandasmoraes,7528450835811028280,results_4\mandasmoraes\7528450835811028280\frames\7528450835811028280_frame_03.png,male,0.7789
mandasmoraes,7528450835811028280,results_4\mandasmoraes\7528450835811028280\frames\7528450835811028280_frame_04.png,male,0.6617
mandasmoraes,7529985829335354629,results_4\mandasmoraes\7529985829335354629\frames\7529985829335354629_frame_01.png,female,0.7708
mandasmoraes,7529985829335354629,results_4\mandasmoraes\7529985829335354629\frames\7529985829335354629_frame_02.png,female,0.7882
mandasmoraes,7529985829335354629,results_4\mandasmoraes\7529985829335354629\frames\7529985829335354629_frame_03.png,female,0.7997
mandasmoraes,7529985829335354629,results_4\mandasmoraes\7529985829335354629\frames\7529985829335354629_frame_04.png,female,0.7982
marielmedina90,7530415685164436754,results_4\marielmedina90\7530415685164436754\frames\7530415685164436754_frame_02.png,female,0.9752
marielmedina90,7535221518536641800,results_4\marielmedina90\7535221518536641800\frames\7535221518536641800_frame_01.png,male,0.5451
marielmedina90,7535221518536641800,results_4\marielmedina90\7535221518536641800\frames\7535221518536641800_frame_02.png,female,0.843
marielmedina90,7535221518536641800,results_4\marielmedina90\7535221518536641800\frames\7535221518536641800_frame_03.png,female,0.5067
marielmedina90,7535221518536641800,results_4\marielmedina90\7535221518536641800\frames\7535221518536641800_frame_04.png,male,0.6424
marielmedina90,7535994644673481992,results_4\marielmedina90\7535994644673481992\frames\7535994644673481992_frame_01.png,female,0.9881
marielmedina90,7535994644673481992,results_4\marielmedina90\7535994644673481992\frames\7535994644673481992_frame_02.png,female,0.7203
marielmedina90,7535994644673481992,results_4\marielmedina90\7535994644673481992\frames\7535994644673481992_frame_03.png,female,0.9405
marieyolenejean2,7512440250590006574,results_4\marieyolenejean2\7512440250590006574\frames\7512440250590006574_frame_02.png,female,0.5398
marieyolenejean2,7512440250590006574,results_4\marieyolenejean2\7512440250590006574\frames\7512440250590006574_frame_03.png,female,0.5831
marieyolenejean2,7512440250590006574,results_4\marieyolenejean2\7512440250590006574\frames\7512440250590006574_frame_04.png,male,0.7865
mattisoncurtlynn,7536812940469505335,results_4\mattisoncurtlynn\7536812940469505335\frames\7536812940469505335_frame_01.png,male,0.7404
mattisoncurtlynn,7536812940469505335,results_4\mattisoncurtlynn\7536812940469505335\frames\7536812940469505335_frame_02.png,male,0.8564
mattisoncurtlynn,7537313216767020301,results_4\mattisoncurtlynn\7537313216767020301\frames\7537313216767020301_frame_01.png,female,0.9869
mattisoncurtlynn,7537313216767020301,results_4\mattisoncurtlynn\7537313216767020301\frames\7537313216767020301_frame_02.png,female,0.9692
mattisoncurtlynn,7537313216767020301,results_4\mattisoncurtlynn\7537313216767020301\frames\7537313216767020301_frame_03.png,female,0.9144
mattisoncurtlynn,7537313216767020301,results_4\mattisoncurtlynn\7537313216767020301\frames\7537313216767020301_frame_04.png,female,0.8619
mayranotes,7535262459507133704,results_4\mayranotes\7535262459507133704\frames\7535262459507133704_frame_01.png,female,0.9958
mayranotes,7535262459507133704,results_4\mayranotes\7535262459507133704\frames\7535262459507133704_frame_02.png,female,0.9976
mayranotes,7535262459507133704,results_4\mayranotes\7535262459507133704\frames\7535262459507133704_frame_03.png,female,0.9975
mayranotes,7535262459507133704,results_4\mayranotes\7535262459507133704\frames\7535262459507133704_frame_04.png,female,0.9972
mayranotes,7535650929836576008,results_4\mayranotes\7535650929836576008\frames\7535650929836576008_frame_01.png,female,0.9981
mayranotes,7535650929836576008,results_4\mayranotes\7535650929836576008\frames\7535650929836576008_frame_02.png,female,0.9979
mayranotes,7535650929836576008,results_4\mayranotes\7535650929836576008\frames\7535650929836576008_frame_03.png,female,0.998
mayranotes,7535650929836576008,results_4\mayranotes\7535650929836576008\frames\7535650929836576008_frame_04.png,female,0.9981
mayranotes,7538236979750718727,results_4\mayranotes\7538236979750718727\frames\7538236979750718727_frame_01.png,male,0.995
mayranotes,7538236979750718727,results_4\mayranotes\7538236979750718727\frames\7538236979750718727_frame_02.png,female,0.9974
mdshakiloffcial07,7538057012706364690,results_4\mdshakiloffcial07\7538057012706364690\frames\7538057012706364690_frame_01.png,male,0.5809
mdshakiloffcial07,7538057012706364690,results_4\mdshakiloffcial07\7538057012706364690\frames\7538057012706364690_frame_02.png,male,0.9624
mdshakiloffcial07,7538057012706364690,results_4\mdshakiloffcial07\7538057012706364690\frames\7538057012706364690_frame_03.png,male,0.8727
mdshakiloffcial07,7538057012706364690,results_4\mdshakiloffcial07\7538057012706364690\frames\7538057012706364690_frame_04.png,male,0.9623
mdshakiloffcial07,7538429328862858503,results_4\mdshakiloffcial07\7538429328862858503\frames\7538429328862858503_frame_01.png,male,0.9063
mdshakiloffcial07,7538429328862858503,results_4\mdshakiloffcial07\7538429328862858503\frames\7538429328862858503_frame_02.png,male,0.9901
mdshakiloffcial07,7538429328862858503,results_4\mdshakiloffcial07\7538429328862858503\frames\7538429328862858503_frame_03.png,male,0.9772
mdshakiloffcial07,7538429328862858503,results_4\mdshakiloffcial07\7538429328862858503\frames\7538429328862858503_frame_04.png,male,0.9838
mdshakiloffcial07,7538659279742536968,results_4\mdshakiloffcial07\7538659279742536968\frames\7538659279742536968_frame_01.png,male,0.7309
mdshakiloffcial07,7538659279742536968,results_4\mdshakiloffcial07\7538659279742536968\frames\7538659279742536968_frame_02.png,female,0.7571
mdshakiloffcial07,7538659279742536968,results_4\mdshakiloffcial07\7538659279742536968\frames\7538659279742536968_frame_03.png,female,0.727
mdshakiloffcial07,7538659279742536968,results_4\mdshakiloffcial07\7538659279742536968\frames\7538659279742536968_frame_04.png,female,0.7256
melissaseabra,7536947204829760824,results_4\melissaseabra\7536947204829760824\frames\7536947204829760824_frame_01.png,female,0.7285
melissaseabra,7536947204829760824,results_4\melissaseabra\7536947204829760824\frames\7536947204829760824_frame_03.png,female,0.998
melissaseabra,7536947204829760824,results_4\melissaseabra\7536947204829760824\frames\7536947204829760824_frame_04.png,female,0.9981
melissaseabra,7537697366078688568,results_4\melissaseabra\7537697366078688568\frames\7537697366078688568_frame_02.png,male,0.9953
melodiethecavapoo,7528112776351403278,results_4\melodiethecavapoo\7528112776351403278\frames\7528112776351403278_frame_01.png,male,0.9618
melodiethecavapoo,7528112776351403278,results_4\melodiethecavapoo\7528112776351403278\frames\7528112776351403278_frame_02.png,male,0.9735
melodiethecavapoo,7528112776351403278,results_4\melodiethecavapoo\7528112776351403278\frames\7528112776351403278_frame_04.png,male,0.9627
micho.ug5,7538693334097857798,results_4\micho.ug5\7538693334097857798\frames\7538693334097857798_frame_02.png,male,0.5926
micho.ug5,7538693334097857798,results_4\micho.ug5\7538693334097857798\frames\7538693334097857798_frame_03.png,male,0.5126
mirko_mormile,7534805693963029815,results_4\mirko_mormile\7534805693963029815\frames\7534805693963029815_frame_01.png,male,0.9976
mirko_mormile,7534805693963029815,results_4\mirko_mormile\7534805693963029815\frames\7534805693963029815_frame_02.png,male,0.9979
mirko_mormile,7534805693963029815,results_4\mirko_mormile\7534805693963029815\frames\7534805693963029815_frame_03.png,male,0.9976
mirko_mormile,7534805693963029815,results_4\mirko_mormile\7534805693963029815\frames\7534805693963029815_frame_04.png,male,0.9978
mirko_mormile,7536293176118627639,results_4\mirko_mormile\7536293176118627639\frames\7536293176118627639_frame_01.png,male,0.998
mirko_mormile,7536293176118627639,results_4\mirko_mormile\7536293176118627639\frames\7536293176118627639_frame_02.png,male,0.9779
mirko_mormile,7536293176118627639,results_4\mirko_mormile\7536293176118627639\frames\7536293176118627639_frame_03.png,female,0.9983
mirko_mormile,7536293176118627639,results_4\mirko_mormile\7536293176118627639\frames\7536293176118627639_frame_04.png,female,0.9982
mirko_mormile,7536690965667401015,results_4\mirko_mormile\7536690965667401015\frames\7536690965667401015_frame_01.png,male,0.998
mirko_mormile,7536690965667401015,results_4\mirko_mormile\7536690965667401015\frames\7536690965667401015_frame_02.png,male,0.9979
misskarma01,7533905146238094597,results_4\misskarma01\7533905146238094597\frames\7533905146238094597_frame_01.png,female,0.9674
misskarma01,7533905146238094597,results_4\misskarma01\7533905146238094597\frames\7533905146238094597_frame_02.png,female,0.9959
misskarma01,7533905146238094597,results_4\misskarma01\7533905146238094597\frames\7533905146238094597_frame_04.png,female,0.8858
misskarma01,7534319550167338296,results_4\misskarma01\7534319550167338296\frames\7534319550167338296_frame_02.png,female,0.9906
misskarma01,7534319550167338296,results_4\misskarma01\7534319550167338296\frames\7534319550167338296_frame_03.png,female,0.9945
misskarma01,7534319550167338296,results_4\misskarma01\7534319550167338296\frames\7534319550167338296_frame_04.png,female,0.9855
misskarma01,7534786559103536390,results_4\misskarma01\7534786559103536390\frames\7534786559103536390_frame_01.png,female,0.9971
misskarma01,7534786559103536390,results_4\misskarma01\7534786559103536390\frames\7534786559103536390_frame_02.png,female,0.9973
misskarma01,7534786559103536390,results_4\misskarma01\7534786559103536390\frames\7534786559103536390_frame_03.png,female,0.998
misskarma01,7534786559103536390,results_4\misskarma01\7534786559103536390\frames\7534786559103536390_frame_04.png,female,0.9973
mizuno.rikka,7532141659811826951,results_4\mizuno.rikka\7532141659811826951\frames\7532141659811826951_frame_01.png,female,0.9884
mizuno.rikka,7532141659811826951,results_4\mizuno.rikka\7532141659811826951\frames\7532141659811826951_frame_02.png,female,0.9949
mizuno.rikka,7532141659811826951,results_4\mizuno.rikka\7532141659811826951\frames\7532141659811826951_frame_03.png,female,0.9535
mizuno.rikka,7532141659811826951,results_4\mizuno.rikka\7532141659811826951\frames\7532141659811826951_frame_04.png,female,0.9871
mizuno.rikka,7533465600971083015,results_4\mizuno.rikka\7533465600971083015\frames\7533465600971083015_frame_01.png,female,0.9973
mizuno.rikka,7533465600971083015,results_4\mizuno.rikka\7533465600971083015\frames\7533465600971083015_frame_02.png,female,0.9978
mizuno.rikka,7533465600971083015,results_4\mizuno.rikka\7533465600971083015\frames\7533465600971083015_frame_03.png,female,0.9966
mizuno.rikka,7533465600971083015,results_4\mizuno.rikka\7533465600971083015\frames\7533465600971083015_frame_04.png,female,0.9969
mizuno.rikka,7533819707623853330,results_4\mizuno.rikka\7533819707623853330\frames\7533819707623853330_frame_01.png,female,0.992
mizuno.rikka,7533819707623853330,results_4\mizuno.rikka\7533819707623853330\frames\7533819707623853330_frame_02.png,female,0.9945
mizuno.rikka,7533819707623853330,results_4\mizuno.rikka\7533819707623853330\frames\7533819707623853330_frame_03.png,female,0.9931
mizuno.rikka,7533819707623853330,results_4\mizuno.rikka\7533819707623853330\frames\7533819707623853330_frame_04.png,female,0.8958
mohammadsohag94,7536258612230950162,results_4\mohammadsohag94\7536258612230950162\frames\7536258612230950162_frame_01.png,male,0.9959
mohammadsohag94,7536258612230950162,results_4\mohammadsohag94\7536258612230950162\frames\7536258612230950162_frame_02.png,male,0.9967
mohammadsohag94,7536258612230950162,results_4\mohammadsohag94\7536258612230950162\frames\7536258612230950162_frame_03.png,male,0.996
mohammadsohag94,7536258612230950162,results_4\mohammadsohag94\7536258612230950162\frames\7536258612230950162_frame_04.png,male,0.9921
mohammadsohag94,7536884812070587655,results_4\mohammadsohag94\7536884812070587655\frames\7536884812070587655_frame_01.png,male,0.9976
mohammadsohag94,7536884812070587655,results_4\mohammadsohag94\7536884812070587655\frames\7536884812070587655_frame_02.png,male,0.9979
mohammadsohag94,7536884812070587655,results_4\mohammadsohag94\7536884812070587655\frames\7536884812070587655_frame_03.png,male,0.9977
mohammadsohag94,7536884812070587655,results_4\mohammadsohag94\7536884812070587655\frames\7536884812070587655_frame_04.png,male,0.998
mohammadsohag94,7537148167343803656,results_4\mohammadsohag94\7537148167343803656\frames\7537148167343803656_frame_01.png,male,0.9969
mohammadsohag94,7537148167343803656,results_4\mohammadsohag94\7537148167343803656\frames\7537148167343803656_frame_02.png,male,0.9976
mohammadsohag94,7537148167343803656,results_4\mohammadsohag94\7537148167343803656\frames\7537148167343803656_frame_03.png,male,0.9975
mohammadsohag94,7537148167343803656,results_4\mohammadsohag94\7537148167343803656\frames\7537148167343803656_frame_04.png,male,0.9977
mroswi,7535603693341756692,results_4\mroswi\7535603693341756692\frames\7535603693341756692_frame_01.png,male,0.9967
mroswi,7535603693341756692,results_4\mroswi\7535603693341756692\frames\7535603693341756692_frame_02.png,male,0.9966
mroswi,7535603693341756692,results_4\mroswi\7535603693341756692\frames\7535603693341756692_frame_03.png,male,0.9959
mroswi,7535603693341756692,results_4\mroswi\7535603693341756692\frames\7535603693341756692_frame_04.png,male,0.9969
mryang_english,7483836780060413239,results_4\mryang_english\7483836780060413239\frames\7483836780060413239_frame_01.png,male,0.9719
mryang_english,7483836780060413239,results_4\mryang_english\7483836780060413239\frames\7483836780060413239_frame_02.png,male,0.9661
mryang_english,7483836780060413239,results_4\mryang_english\7483836780060413239\frames\7483836780060413239_frame_03.png,male,0.6489
mryang_english,7483836780060413239,results_4\mryang_english\7483836780060413239\frames\7483836780060413239_frame_04.png,female,0.994
mryang_english,7506461036174740757,results_4\mryang_english\7506461036174740757\frames\7506461036174740757_frame_01.png,male,0.9976
mryang_english,7506461036174740757,results_4\mryang_english\7506461036174740757\frames\7506461036174740757_frame_02.png,male,0.9973
mryang_english,7506461036174740757,results_4\mryang_english\7506461036174740757\frames\7506461036174740757_frame_03.png,male,0.9957
mryang_english,7506461036174740757,results_4\mryang_english\7506461036174740757\frames\7506461036174740757_frame_04.png,male,0.9979
muathaoxinh,7534344443122453768,results_4\muathaoxinh\7534344443122453768\frames\7534344443122453768_frame_01.png,female,0.981
muathaoxinh,7534344443122453768,results_4\muathaoxinh\7534344443122453768\frames\7534344443122453768_frame_02.png,female,0.9924
muathaoxinh,7534344443122453768,results_4\muathaoxinh\7534344443122453768\frames\7534344443122453768_frame_03.png,female,0.9925
muathaoxinh,7534344443122453768,results_4\muathaoxinh\7534344443122453768\frames\7534344443122453768_frame_04.png,female,0.9961
muathaoxinh,7536082128052800776,results_4\muathaoxinh\7536082128052800776\frames\7536082128052800776_frame_01.png,female,0.9963
muathaoxinh,7536082128052800776,results_4\muathaoxinh\7536082128052800776\frames\7536082128052800776_frame_02.png,female,0.989
muathaoxinh,7536082128052800776,results_4\muathaoxinh\7536082128052800776\frames\7536082128052800776_frame_03.png,female,0.9448
muathaoxinh,7536082128052800776,results_4\muathaoxinh\7536082128052800776\frames\7536082128052800776_frame_04.png,female,0.9829
muathaoxinh,7537684393054276872,results_4\muathaoxinh\7537684393054276872\frames\7537684393054276872_frame_01.png,female,0.9938
muathaoxinh,7537684393054276872,results_4\muathaoxinh\7537684393054276872\frames\7537684393054276872_frame_02.png,female,0.9703
muathaoxinh,7537684393054276872,results_4\muathaoxinh\7537684393054276872\frames\7537684393054276872_frame_03.png,female,0.8215
muathaoxinh,7537684393054276872,results_4\muathaoxinh\7537684393054276872\frames\7537684393054276872_frame_04.png,female,0.9644
nancyqueenee_04,7529992791066152200,results_4\nancyqueenee_04\7529992791066152200\frames\7529992791066152200_frame_01.png,female,0.9978
nancyqueenee_04,7529992791066152200,results_4\nancyqueenee_04\7529992791066152200\frames\7529992791066152200_frame_02.png,female,0.9978
nancyqueenee_04,7529992791066152200,results_4\nancyqueenee_04\7529992791066152200\frames\7529992791066152200_frame_03.png,female,0.998
nancyqueenee_04,7529992791066152200,results_4\nancyqueenee_04\7529992791066152200\frames\7529992791066152200_frame_04.png,female,0.9978
nancyqueenee_04,7535126176856067346,results_4\nancyqueenee_04\7535126176856067346\frames\7535126176856067346_frame_01.png,female,0.9979
nancyqueenee_04,7535126176856067346,results_4\nancyqueenee_04\7535126176856067346\frames\7535126176856067346_frame_02.png,female,0.9974
nancyqueenee_04,7535126176856067346,results_4\nancyqueenee_04\7535126176856067346\frames\7535126176856067346_frame_03.png,female,0.997
nancyqueenee_04,7535126176856067346,results_4\nancyqueenee_04\7535126176856067346\frames\7535126176856067346_frame_04.png,female,0.9978
nancyqueenee_04,7536981057103531282,results_4\nancyqueenee_04\7536981057103531282\frames\7536981057103531282_frame_01.png,female,0.9976
nancyqueenee_04,7536981057103531282,results_4\nancyqueenee_04\7536981057103531282\frames\7536981057103531282_frame_02.png,female,0.9977
nancyqueenee_04,7536981057103531282,results_4\nancyqueenee_04\7536981057103531282\frames\7536981057103531282_frame_03.png,female,0.9975
nancyqueenee_04,7536981057103531282,results_4\nancyqueenee_04\7536981057103531282\frames\7536981057103531282_frame_04.png,female,0.9978
neh_oh,7528414544847195397,results_4\neh_oh\7528414544847195397\frames\7528414544847195397_frame_01.png,male,0.9818
neh_oh,7528414544847195397,results_4\neh_oh\7528414544847195397\frames\7528414544847195397_frame_02.png,male,0.9974
neh_oh,7528414544847195397,results_4\neh_oh\7528414544847195397\frames\7528414544847195397_frame_04.png,male,0.9958
neh_oh,7535221918098640184,results_4\neh_oh\7535221918098640184\frames\7535221918098640184_frame_01.png,male,0.9977
neh_oh,7535221918098640184,results_4\neh_oh\7535221918098640184\frames\7535221918098640184_frame_02.png,male,0.9979
neh_oh,7535221918098640184,results_4\neh_oh\7535221918098640184\frames\7535221918098640184_frame_03.png,male,0.998
neh_oh,7535221918098640184,results_4\neh_oh\7535221918098640184\frames\7535221918098640184_frame_04.png,male,0.9963
neh_oh,7537291929025809669,results_4\neh_oh\7537291929025809669\frames\7537291929025809669_frame_01.png,male,0.9881
neh_oh,7537291929025809669,results_4\neh_oh\7537291929025809669\frames\7537291929025809669_frame_03.png,male,0.9951
neh_oh,7537291929025809669,results_4\neh_oh\7537291929025809669\frames\7537291929025809669_frame_04.png,male,0.9795
netra_23,7504346269695905067,results_4\netra_23\7504346269695905067\frames\7504346269695905067_frame_01.png,female,0.9972
netra_23,7504346269695905067,results_4\netra_23\7504346269695905067\frames\7504346269695905067_frame_02.png,female,0.9924
netra_23,7504346269695905067,results_4\netra_23\7504346269695905067\frames\7504346269695905067_frame_03.png,female,0.902
netra_23,7504346269695905067,results_4\netra_23\7504346269695905067\frames\7504346269695905067_frame_04.png,female,0.9943
netra_23,7505462723346582830,results_4\netra_23\7505462723346582830\frames\7505462723346582830_frame_01.png,female,0.8143
netra_23,7505462723346582830,results_4\netra_23\7505462723346582830\frames\7505462723346582830_frame_03.png,female,0.6782
netra_23,7505548345797086507,results_4\netra_23\7505548345797086507\frames\7505548345797086507_frame_01.png,female,0.9959
netra_23,7505548345797086507,results_4\netra_23\7505548345797086507\frames\7505548345797086507_frame_02.png,female,0.9978
netra_23,7505548345797086507,results_4\netra_23\7505548345797086507\frames\7505548345797086507_frame_03.png,female,0.998
netra_23,7505548345797086507,results_4\netra_23\7505548345797086507\frames\7505548345797086507_frame_04.png,female,0.9978
newemberwest,7538545979692240158,results_4\newemberwest\7538545979692240158\frames\7538545979692240158_frame_01.png,female,0.998
newemberwest,7538545979692240158,results_4\newemberwest\7538545979692240158\frames\7538545979692240158_frame_02.png,female,0.9981
newemberwest,7538545979692240158,results_4\newemberwest\7538545979692240158\frames\7538545979692240158_frame_03.png,female,0.9975
newemberwest,7538545979692240158,results_4\newemberwest\7538545979692240158\frames\7538545979692240158_frame_04.png,female,0.998
nisiaatewu,7499477725774630152,results_4\nisiaatewu\7499477725774630152\frames\7499477725774630152_frame_01.png,female,0.9974
nisiaatewu,7499477725774630152,results_4\nisiaatewu\7499477725774630152\frames\7499477725774630152_frame_02.png,female,0.9977
nisiaatewu,7499477725774630152,results_4\nisiaatewu\7499477725774630152\frames\7499477725774630152_frame_03.png,female,0.9974
nisiaatewu,7499477725774630152,results_4\nisiaatewu\7499477725774630152\frames\7499477725774630152_frame_04.png,female,0.9973
nisiaatewu,7530608827486588168,results_4\nisiaatewu\7530608827486588168\frames\7530608827486588168_frame_01.png,female,0.997
nisiaatewu,7530608827486588168,results_4\nisiaatewu\7530608827486588168\frames\7530608827486588168_frame_02.png,female,0.9972
nisiaatewu,7530608827486588168,results_4\nisiaatewu\7530608827486588168\frames\7530608827486588168_frame_03.png,female,0.9977
nisiaatewu,7530608827486588168,results_4\nisiaatewu\7530608827486588168\frames\7530608827486588168_frame_04.png,female,0.9958
nisiaatewu,7533281846130527506,results_4\nisiaatewu\7533281846130527506\frames\7533281846130527506_frame_01.png,female,0.9924
nisiaatewu,7533281846130527506,results_4\nisiaatewu\7533281846130527506\frames\7533281846130527506_frame_02.png,female,0.993
nisiaatewu,7533281846130527506,results_4\nisiaatewu\7533281846130527506\frames\7533281846130527506_frame_03.png,female,0.9647
nisiaatewu,7533281846130527506,results_4\nisiaatewu\7533281846130527506\frames\7533281846130527506_frame_04.png,female,0.9937
nokusho.zibhoma.1,7538577127352995090,results_4\nokusho.zibhoma.1\7538577127352995090\frames\7538577127352995090_frame_01.png,male,0.9954
nokusho.zibhoma.1,7538577127352995090,results_4\nokusho.zibhoma.1\7538577127352995090\frames\7538577127352995090_frame_02.png,female,0.5583
nokusho.zibhoma.1,7538577127352995090,results_4\nokusho.zibhoma.1\7538577127352995090\frames\7538577127352995090_frame_03.png,female,0.722
nokusho.zibhoma.1,7538577127352995090,results_4\nokusho.zibhoma.1\7538577127352995090\frames\7538577127352995090_frame_04.png,male,0.9712
nokusho.zibhoma.1,7538691688785628423,results_4\nokusho.zibhoma.1\7538691688785628423\frames\7538691688785628423_frame_01.png,male,0.9924
nokusho.zibhoma.1,7538691688785628423,results_4\nokusho.zibhoma.1\7538691688785628423\frames\7538691688785628423_frame_02.png,male,0.9962
nokusho.zibhoma.1,7538691688785628423,results_4\nokusho.zibhoma.1\7538691688785628423\frames\7538691688785628423_frame_03.png,male,0.997
nokusho.zibhoma.1,7538691688785628423,results_4\nokusho.zibhoma.1\7538691688785628423\frames\7538691688785628423_frame_04.png,male,0.9952
nokusho.zibhoma.1,7538694094722206983,results_4\nokusho.zibhoma.1\7538694094722206983\frames\7538694094722206983_frame_01.png,male,0.9981
nokusho.zibhoma.1,7538694094722206983,results_4\nokusho.zibhoma.1\7538694094722206983\frames\7538694094722206983_frame_02.png,male,0.9979
nokusho.zibhoma.1,7538694094722206983,results_4\nokusho.zibhoma.1\7538694094722206983\frames\7538694094722206983_frame_03.png,male,0.9974
nokusho.zibhoma.1,7538694094722206983,results_4\nokusho.zibhoma.1\7538694094722206983\frames\7538694094722206983_frame_04.png,male,0.9976
nomonde_sky02,7535431779419770117,results_4\nomonde_sky02\7535431779419770117\frames\7535431779419770117_frame_01.png,female,0.9954
nomonde_sky02,7535431779419770117,results_4\nomonde_sky02\7535431779419770117\frames\7535431779419770117_frame_02.png,female,0.9947
nomonde_sky02,7535431779419770117,results_4\nomonde_sky02\7535431779419770117\frames\7535431779419770117_frame_03.png,female,0.9944
nomonde_sky02,7535431779419770117,results_4\nomonde_sky02\7535431779419770117\frames\7535431779419770117_frame_04.png,female,0.9944
nomonde_sky02,7535803044919823622,results_4\nomonde_sky02\7535803044919823622\frames\7535803044919823622_frame_01.png,female,0.9682
nomonde_sky02,7535803044919823622,results_4\nomonde_sky02\7535803044919823622\frames\7535803044919823622_frame_02.png,female,0.9056
nomonde_sky02,7535803044919823622,results_4\nomonde_sky02\7535803044919823622\frames\7535803044919823622_frame_03.png,female,0.9349
nomonde_sky02,7535803044919823622,results_4\nomonde_sky02\7535803044919823622\frames\7535803044919823622_frame_04.png,female,0.9944
noonja2530,7317908707189280005,results_4\noonja2530\7317908707189280005\frames\7317908707189280005_frame_01.png,female,0.724
noonja2530,7317908707189280005,results_4\noonja2530\7317908707189280005\frames\7317908707189280005_frame_03.png,female,0.9907
noonja2530,7317908707189280005,results_4\noonja2530\7317908707189280005\frames\7317908707189280005_frame_04.png,female,0.9932
noonja2530,7318014132458900741,results_4\noonja2530\7318014132458900741\frames\7318014132458900741_frame_01.png,female,0.9977
noonja2530,7318014132458900741,results_4\noonja2530\7318014132458900741\frames\7318014132458900741_frame_02.png,female,0.9977
noonja2530,7318014132458900741,results_4\noonja2530\7318014132458900741\frames\7318014132458900741_frame_03.png,female,0.9977
noonja2530,7318014132458900741,results_4\noonja2530\7318014132458900741\frames\7318014132458900741_frame_04.png,female,0.9977
noonja2530,7320207811315649798,results_4\noonja2530\7320207811315649798\frames\7320207811315649798_frame_01.png,female,0.9969
noonja2530,7320207811315649798,results_4\noonja2530\7320207811315649798\frames\7320207811315649798_frame_02.png,female,0.9954
noonja2530,7320207811315649798,results_4\noonja2530\7320207811315649798\frames\7320207811315649798_frame_03.png,female,0.951
noonja2530,7320207811315649798,results_4\noonja2530\7320207811315649798\frames\7320207811315649798_frame_04.png,female,0.9947
normanproton,7499142705491004690,results_4\normanproton\7499142705491004690\frames\7499142705491004690_frame_01.png,male,0.9379
normanproton,7499142705491004690,results_4\normanproton\7499142705491004690\frames\7499142705491004690_frame_02.png,male,0.9073
normanproton,7499142705491004690,results_4\normanproton\7499142705491004690\frames\7499142705491004690_frame_03.png,male,0.749
normanproton,7499142705491004690,results_4\normanproton\7499142705491004690\frames\7499142705491004690_frame_04.png,male,0.9974
normanproton,7500407527679479047,results_4\normanproton\7500407527679479047\frames\7500407527679479047_frame_01.png,male,0.9912
normanproton,7500407527679479047,results_4\normanproton\7500407527679479047\frames\7500407527679479047_frame_02.png,male,0.9172
normanproton,7500407527679479047,results_4\normanproton\7500407527679479047\frames\7500407527679479047_frame_03.png,male,0.9667
normanproton,7500407527679479047,results_4\normanproton\7500407527679479047\frames\7500407527679479047_frame_04.png,male,0.7401
ntentantt1,7535032047300070712,results_4\ntentantt1\7535032047300070712\frames\7535032047300070712_frame_01.png,male,0.7644
ntentantt1,7535032047300070712,results_4\ntentantt1\7535032047300070712\frames\7535032047300070712_frame_02.png,male,0.9674
ntentantt1,7535032047300070712,results_4\ntentantt1\7535032047300070712\frames\7535032047300070712_frame_03.png,male,0.9686
ntentantt1,7535032047300070712,results_4\ntentantt1\7535032047300070712\frames\7535032047300070712_frame_04.png,male,0.9593
ntentantt1,7536797316796255493,results_4\ntentantt1\7536797316796255493\frames\7536797316796255493_frame_01.png,male,0.9823
ntentantt1,7536797316796255493,results_4\ntentantt1\7536797316796255493\frames\7536797316796255493_frame_02.png,male,0.8993
ntentantt1,7536797316796255493,results_4\ntentantt1\7536797316796255493\frames\7536797316796255493_frame_03.png,male,0.8623
ntentantt1,7536797316796255493,results_4\ntentantt1\7536797316796255493\frames\7536797316796255493_frame_04.png,male,0.8925
ntentantt1,7538618481995009286,results_4\ntentantt1\7538618481995009286\frames\7538618481995009286_frame_01.png,male,0.7409
ntentantt1,7538618481995009286,results_4\ntentantt1\7538618481995009286\frames\7538618481995009286_frame_02.png,female,0.735
ntentantt1,7538618481995009286,results_4\ntentantt1\7538618481995009286\frames\7538618481995009286_frame_03.png,female,0.9024
ntentantt1,7538618481995009286,results_4\ntentantt1\7538618481995009286\frames\7538618481995009286_frame_04.png,female,0.8363
nupoppa,7516780714256239890,results_4\nupoppa\7516780714256239890\frames\7516780714256239890_frame_01.png,male,0.9447
nupoppa,7516780714256239890,results_4\nupoppa\7516780714256239890\frames\7516780714256239890_frame_02.png,male,0.975
nutcasejay,7527500771978464542,results_4\nutcasejay\7527500771978464542\frames\7527500771978464542_frame_01.png,male,0.863
nutcasejay,7527500771978464542,results_4\nutcasejay\7527500771978464542\frames\7527500771978464542_frame_03.png,male,0.8584
nutcasejay,7530748744975830286,results_4\nutcasejay\7530748744975830286\frames\7530748744975830286_frame_01.png,male,0.9962
olivialeclerc1,7529356719818870021,results_4\olivialeclerc1\7529356719818870021\frames\7529356719818870021_frame_01.png,female,0.9969
olivialeclerc1,7529356719818870021,results_4\olivialeclerc1\7529356719818870021\frames\7529356719818870021_frame_02.png,female,0.9938
olivialeclerc1,7529356719818870021,results_4\olivialeclerc1\7529356719818870021\frames\7529356719818870021_frame_03.png,female,0.991
olivialeclerc1,7529356719818870021,results_4\olivialeclerc1\7529356719818870021\frames\7529356719818870021_frame_04.png,female,0.9935
olivialeclerc1,7535595342767639814,results_4\olivialeclerc1\7535595342767639814\frames\7535595342767639814_frame_01.png,female,0.9982
olivialeclerc1,7535595342767639814,results_4\olivialeclerc1\7535595342767639814\frames\7535595342767639814_frame_02.png,female,0.9981
olivialeclerc1,7535595342767639814,results_4\olivialeclerc1\7535595342767639814\frames\7535595342767639814_frame_03.png,female,0.998
olivialeclerc1,7535595342767639814,results_4\olivialeclerc1\7535595342767639814\frames\7535595342767639814_frame_04.png,female,0.9977
olivialeclerc1,7535971500529061176,results_4\olivialeclerc1\7535971500529061176\frames\7535971500529061176_frame_01.png,female,0.998
olivialeclerc1,7535971500529061176,results_4\olivialeclerc1\7535971500529061176\frames\7535971500529061176_frame_02.png,female,0.998
olivialeclerc1,7535971500529061176,results_4\olivialeclerc1\7535971500529061176\frames\7535971500529061176_frame_03.png,female,0.9982
olivialeclerc1,7535971500529061176,results_4\olivialeclerc1\7535971500529061176\frames\7535971500529061176_frame_04.png,female,0.9975
overthinking.studio,7518048779547708679,results_4\overthinking.studio\7518048779547708679\frames\7518048779547708679_frame_01.png,female,0.7979
overthinking.studio,7518048779547708679,results_4\overthinking.studio\7518048779547708679\frames\7518048779547708679_frame_02.png,male,0.7076
overthinking.studio,7518048779547708679,results_4\overthinking.studio\7518048779547708679\frames\7518048779547708679_frame_03.png,female,0.5866
overthinking.studio,7518362827338419464,results_4\overthinking.studio\7518362827338419464\frames\7518362827338419464_frame_01.png,male,0.9913
overthinking.studio,7518362827338419464,results_4\overthinking.studio\7518362827338419464\frames\7518362827338419464_frame_02.png,male,0.9752
overthinking.studio,7518362827338419464,results_4\overthinking.studio\7518362827338419464\frames\7518362827338419464_frame_03.png,male,0.9894
overthinking.studio,7518362827338419464,results_4\overthinking.studio\7518362827338419464\frames\7518362827338419464_frame_04.png,male,0.9948
overthinking.studio,7518455301012507911,results_4\overthinking.studio\7518455301012507911\frames\7518455301012507911_frame_01.png,male,0.9969
overthinking.studio,7518455301012507911,results_4\overthinking.studio\7518455301012507911\frames\7518455301012507911_frame_03.png,male,0.9963
overthinking.studio,7518455301012507911,results_4\overthinking.studio\7518455301012507911\frames\7518455301012507911_frame_04.png,male,0.9962
paireyewear,7537019478769454367,results_4\paireyewear\7537019478769454367\frames\7537019478769454367_frame_02.png,female,0.5434
paireyewear,7537433999900216606,results_4\paireyewear\7537433999900216606\frames\7537433999900216606_frame_01.png,female,0.9779
paireyewear,7537433999900216606,results_4\paireyewear\7537433999900216606\frames\7537433999900216606_frame_02.png,female,0.9942
paireyewear,7537433999900216606,results_4\paireyewear\7537433999900216606\frames\7537433999900216606_frame_03.png,female,0.9972
paireyewear,7537433999900216606,results_4\paireyewear\7537433999900216606\frames\7537433999900216606_frame_04.png,female,0.9971
paireyewear,7538190839017688351,results_4\paireyewear\7538190839017688351\frames\7538190839017688351_frame_01.png,female,0.5232
paireyewear,7538190839017688351,results_4\paireyewear\7538190839017688351\frames\7538190839017688351_frame_02.png,female,0.9783
paireyewear,7538190839017688351,results_4\paireyewear\7538190839017688351\frames\7538190839017688351_frame_03.png,female,0.9947
paireyewear,7538190839017688351,results_4\paireyewear\7538190839017688351\frames\7538190839017688351_frame_04.png,female,0.9901
panget_ako05,7517577976611998983,results_4\panget_ako05\7517577976611998983\frames\7517577976611998983_frame_01.png,female,0.9936
panget_ako05,7517577976611998983,results_4\panget_ako05\7517577976611998983\frames\7517577976611998983_frame_02.png,female,0.9864
panget_ako05,7517577976611998983,results_4\panget_ako05\7517577976611998983\frames\7517577976611998983_frame_03.png,female,0.9969
panget_ako05,7517577976611998983,results_4\panget_ako05\7517577976611998983\frames\7517577976611998983_frame_04.png,female,0.9975
panget_ako05,7518336768622529799,results_4\panget_ako05\7518336768622529799\frames\7518336768622529799_frame_01.png,female,0.9957
panget_ako05,7518336768622529799,results_4\panget_ako05\7518336768622529799\frames\7518336768622529799_frame_02.png,female,0.997
panget_ako05,7518336768622529799,results_4\panget_ako05\7518336768622529799\frames\7518336768622529799_frame_03.png,female,0.9951
panget_ako05,7518336768622529799,results_4\panget_ako05\7518336768622529799\frames\7518336768622529799_frame_04.png,female,0.9966
panget_ako05,7518723631652900103,results_4\panget_ako05\7518723631652900103\frames\7518723631652900103_frame_01.png,female,0.989
panget_ako05,7518723631652900103,results_4\panget_ako05\7518723631652900103\frames\7518723631652900103_frame_02.png,female,0.9894
panget_ako05,7518723631652900103,results_4\panget_ako05\7518723631652900103\frames\7518723631652900103_frame_03.png,female,0.9951
panget_ako05,7518723631652900103,results_4\panget_ako05\7518723631652900103\frames\7518723631652900103_frame_04.png,female,0.9912
papa.wade,7535896788755107077,results_4\papa.wade\7535896788755107077\frames\7535896788755107077_frame_01.png,male,0.9976
papa.wade,7535896788755107077,results_4\papa.wade\7535896788755107077\frames\7535896788755107077_frame_02.png,male,0.9976
papa.wade,7535896788755107077,results_4\papa.wade\7535896788755107077\frames\7535896788755107077_frame_03.png,male,0.9976
papa.wade,7535896788755107077,results_4\papa.wade\7535896788755107077\frames\7535896788755107077_frame_04.png,male,0.9973
papa.wade,7538129175572434232,results_4\papa.wade\7538129175572434232\frames\7538129175572434232_frame_01.png,male,0.9898
papa.wade,7538129175572434232,results_4\papa.wade\7538129175572434232\frames\7538129175572434232_frame_02.png,male,0.9735
papa.wade,7538129175572434232,results_4\papa.wade\7538129175572434232\frames\7538129175572434232_frame_03.png,male,0.9913
papa.wade,7538129175572434232,results_4\papa.wade\7538129175572434232\frames\7538129175572434232_frame_04.png,male,0.9824
pcoscoachbarbie,7538422075036273938,results_4\pcoscoachbarbie\7538422075036273938\frames\7538422075036273938_frame_01.png,female,0.9976
pcoscoachbarbie,7538422075036273938,results_4\pcoscoachbarbie\7538422075036273938\frames\7538422075036273938_frame_02.png,female,0.9735
pcoscoachbarbie,7538422075036273938,results_4\pcoscoachbarbie\7538422075036273938\frames\7538422075036273938_frame_03.png,female,0.9353
pcoscoachbarbie,7538422075036273938,results_4\pcoscoachbarbie\7538422075036273938\frames\7538422075036273938_frame_04.png,female,0.998
pcoscoachbarbie,7538430629021732103,results_4\pcoscoachbarbie\7538430629021732103\frames\7538430629021732103_frame_01.png,female,0.998
pcoscoachbarbie,7538430629021732103,results_4\pcoscoachbarbie\7538430629021732103\frames\7538430629021732103_frame_02.png,female,0.998
pcoscoachbarbie,7538430629021732103,results_4\pcoscoachbarbie\7538430629021732103\frames\7538430629021732103_frame_03.png,female,0.9979
pcoscoachbarbie,7538430629021732103,results_4\pcoscoachbarbie\7538430629021732103\frames\7538430629021732103_frame_04.png,female,0.9979
pinky.hana.ammar,7535732622132071698,results_4\pinky.hana.ammar\7535732622132071698\frames\7535732622132071698_frame_01.png,female,0.9969
pinky.hana.ammar,7535732622132071698,results_4\pinky.hana.ammar\7535732622132071698\frames\7535732622132071698_frame_02.png,female,0.9969
pinky.hana.ammar,7535732622132071698,results_4\pinky.hana.ammar\7535732622132071698\frames\7535732622132071698_frame_03.png,female,0.9949
pinky.hana.ammar,7535732622132071698,results_4\pinky.hana.ammar\7535732622132071698\frames\7535732622132071698_frame_04.png,female,0.9972
pinky.hana.ammar,7536155409615228168,results_4\pinky.hana.ammar\7536155409615228168\frames\7536155409615228168_frame_01.png,female,0.9972
pinky.hana.ammar,7536155409615228168,results_4\pinky.hana.ammar\7536155409615228168\frames\7536155409615228168_frame_02.png,female,0.9974
pinky.hana.ammar,7536155409615228168,results_4\pinky.hana.ammar\7536155409615228168\frames\7536155409615228168_frame_03.png,female,0.9964
pinky.hana.ammar,7536155409615228168,results_4\pinky.hana.ammar\7536155409615228168\frames\7536155409615228168_frame_04.png,female,0.9974
pinky.hana.ammar,7537616686921338119,results_4\pinky.hana.ammar\7537616686921338119\frames\7537616686921338119_frame_01.png,female,0.9862
pinky.hana.ammar,7537616686921338119,results_4\pinky.hana.ammar\7537616686921338119\frames\7537616686921338119_frame_02.png,female,0.9531
pinky.hana.ammar,7537616686921338119,results_4\pinky.hana.ammar\7537616686921338119\frames\7537616686921338119_frame_03.png,female,0.9858
pjfperformance,7534390860113284407,results_4\pjfperformance\7534390860113284407\frames\7534390860113284407_frame_01.png,male,0.9928
pjfperformance,7534390860113284407,results_4\pjfperformance\7534390860113284407\frames\7534390860113284407_frame_02.png,male,0.9954
pjfperformance,7534390860113284407,results_4\pjfperformance\7534390860113284407\frames\7534390860113284407_frame_03.png,male,0.9965
pjfperformance,7534390860113284407,results_4\pjfperformance\7534390860113284407\frames\7534390860113284407_frame_04.png,male,0.997
pjfperformance,7535865884817083703,results_4\pjfperformance\7535865884817083703\frames\7535865884817083703_frame_01.png,male,0.9939
pjfperformance,7535865884817083703,results_4\pjfperformance\7535865884817083703\frames\7535865884817083703_frame_02.png,male,0.9906
pjfperformance,7535865884817083703,results_4\pjfperformance\7535865884817083703\frames\7535865884817083703_frame_03.png,male,0.9955
pjfperformance,7536391305405025550,results_4\pjfperformance\7536391305405025550\frames\7536391305405025550_frame_01.png,male,0.994
pjfperformance,7536391305405025550,results_4\pjfperformance\7536391305405025550\frames\7536391305405025550_frame_02.png,male,0.9895
pjfperformance,7536391305405025550,results_4\pjfperformance\7536391305405025550\frames\7536391305405025550_frame_03.png,male,0.9427
popsiclemaker_,7536005974616739085,results_4\popsiclemaker_\7536005974616739085\frames\7536005974616739085_frame_01.png,male,0.6009
popsiclemaker_,7536005974616739085,results_4\popsiclemaker_\7536005974616739085\frames\7536005974616739085_frame_03.png,male,0.9517
popsiclemaker_,7536005974616739085,results_4\popsiclemaker_\7536005974616739085\frames\7536005974616739085_frame_04.png,male,0.9951
pro_razvitie_rebenka,7537654798707870990,results_4\pro_razvitie_rebenka\7537654798707870990\frames\7537654798707870990_frame_03.png,female,0.7889
pro_razvitie_rebenka,7537654798707870990,results_4\pro_razvitie_rebenka\7537654798707870990\frames\7537654798707870990_frame_04.png,female,0.8019
pro_razvitie_rebenka,7538435304194182455,results_4\pro_razvitie_rebenka\7538435304194182455\frames\7538435304194182455_frame_02.png,female,0.5307
pro_razvitie_rebenka,7538435304194182455,results_4\pro_razvitie_rebenka\7538435304194182455\frames\7538435304194182455_frame_03.png,male,0.5656
pro_razvitie_rebenka,7538435304194182455,results_4\pro_razvitie_rebenka\7538435304194182455\frames\7538435304194182455_frame_04.png,male,0.6638
pubersvragen,7500570285754551575,results_4\pubersvragen\7500570285754551575\frames\7500570285754551575_frame_01.png,male,0.6248
pubersvragen,7500570285754551575,results_4\pubersvragen\7500570285754551575\frames\7500570285754551575_frame_02.png,female,0.977
pubersvragen,7500570285754551575,results_4\pubersvragen\7500570285754551575\frames\7500570285754551575_frame_03.png,female,0.821
pubersvragen,7500570285754551575,results_4\pubersvragen\7500570285754551575\frames\7500570285754551575_frame_04.png,female,0.8681
pubersvragen,7505088766764207392,results_4\pubersvragen\7505088766764207392\frames\7505088766764207392_frame_01.png,male,0.9793
pubersvragen,7505088766764207392,results_4\pubersvragen\7505088766764207392\frames\7505088766764207392_frame_02.png,male,0.8776
pubersvragen,7505088766764207392,results_4\pubersvragen\7505088766764207392\frames\7505088766764207392_frame_03.png,male,0.9864
pubersvragen,7505088766764207392,results_4\pubersvragen\7505088766764207392\frames\7505088766764207392_frame_04.png,female,0.9587
pubersvragen,7517998661222059297,results_4\pubersvragen\7517998661222059297\frames\7517998661222059297_frame_01.png,male,0.9798
pubersvragen,7517998661222059297,results_4\pubersvragen\7517998661222059297\frames\7517998661222059297_frame_02.png,male,0.972
pubersvragen,7517998661222059297,results_4\pubersvragen\7517998661222059297\frames\7517998661222059297_frame_03.png,male,0.9949
pubersvragen,7517998661222059297,results_4\pubersvragen\7517998661222059297\frames\7517998661222059297_frame_04.png,male,0.9949
puncha.patisserie,7484072673136348421,results_4\puncha.patisserie\7484072673136348421\frames\7484072673136348421_frame_01.png,female,0.995
puncha.patisserie,7484072673136348421,results_4\puncha.patisserie\7484072673136348421\frames\7484072673136348421_frame_03.png,female,0.9957
puncha.patisserie,7484072673136348421,results_4\puncha.patisserie\7484072673136348421\frames\7484072673136348421_frame_04.png,female,0.9973
puncha.patisserie,7490121406131293461,results_4\puncha.patisserie\7490121406131293461\frames\7490121406131293461_frame_04.png,male,0.6147
puppy16hp,7521029367833562386,results_4\puppy16hp\7521029367833562386\frames\7521029367833562386_frame_01.png,female,0.9972
puppy16hp,7521029367833562386,results_4\puppy16hp\7521029367833562386\frames\7521029367833562386_frame_02.png,female,0.9966
puppy16hp,7521029367833562386,results_4\puppy16hp\7521029367833562386\frames\7521029367833562386_frame_03.png,female,0.9975
puppy16hp,7521029367833562386,results_4\puppy16hp\7521029367833562386\frames\7521029367833562386_frame_04.png,female,0.9979
puppy16hp,7527328206131563784,results_4\puppy16hp\7527328206131563784\frames\7527328206131563784_frame_01.png,female,0.5348
puppy16hp,7527328206131563784,results_4\puppy16hp\7527328206131563784\frames\7527328206131563784_frame_02.png,female,0.9564
puppy16hp,7527328206131563784,results_4\puppy16hp\7527328206131563784\frames\7527328206131563784_frame_03.png,female,0.9941
puppy16hp,7527328206131563784,results_4\puppy16hp\7527328206131563784\frames\7527328206131563784_frame_04.png,female,0.9979
qaiserbumaye,7517138210825325829,results_4\qaiserbumaye\7517138210825325829\frames\7517138210825325829_frame_01.png,male,0.9388
qaiserbumaye,7517138210825325829,results_4\qaiserbumaye\7517138210825325829\frames\7517138210825325829_frame_02.png,male,0.9432
qaiserbumaye,7517138210825325829,results_4\qaiserbumaye\7517138210825325829\frames\7517138210825325829_frame_03.png,male,0.9874
qaiserbumaye,7517138210825325829,results_4\qaiserbumaye\7517138210825325829\frames\7517138210825325829_frame_04.png,male,0.9629
qaiserbumaye,7517138753144638776,results_4\qaiserbumaye\7517138753144638776\frames\7517138753144638776_frame_01.png,male,0.8271
qaiserbumaye,7517138753144638776,results_4\qaiserbumaye\7517138753144638776\frames\7517138753144638776_frame_02.png,female,0.5041
qaiserbumaye,7517138753144638776,results_4\qaiserbumaye\7517138753144638776\frames\7517138753144638776_frame_03.png,female,0.6754
qaiserbumaye,7517138753144638776,results_4\qaiserbumaye\7517138753144638776\frames\7517138753144638776_frame_04.png,male,0.9631
qaiserbumaye,7517139326988258566,results_4\qaiserbumaye\7517139326988258566\frames\7517139326988258566_frame_01.png,male,0.9516
qaiserbumaye,7517139326988258566,results_4\qaiserbumaye\7517139326988258566\frames\7517139326988258566_frame_02.png,male,0.9247
qaiserbumaye,7517139326988258566,results_4\qaiserbumaye\7517139326988258566\frames\7517139326988258566_frame_03.png,male,0.9671
qaiserbumaye,7517139326988258566,results_4\qaiserbumaye\7517139326988258566\frames\7517139326988258566_frame_04.png,female,0.6818
qusaimlhem,7535964332316806418,results_4\qusaimlhem\7535964332316806418\frames\7535964332316806418_frame_01.png,male,0.9981
qusaimlhem,7535964332316806418,results_4\qusaimlhem\7535964332316806418\frames\7535964332316806418_frame_02.png,male,0.9981
qusaimlhem,7535964332316806418,results_4\qusaimlhem\7535964332316806418\frames\7535964332316806418_frame_03.png,male,0.998
qusaimlhem,7535964332316806418,results_4\qusaimlhem\7535964332316806418\frames\7535964332316806418_frame_04.png,male,0.998
qusaimlhem,7536267858645503240,results_4\qusaimlhem\7536267858645503240\frames\7536267858645503240_frame_01.png,male,0.9976
qusaimlhem,7536267858645503240,results_4\qusaimlhem\7536267858645503240\frames\7536267858645503240_frame_02.png,male,0.9973
qusaimlhem,7536267858645503240,results_4\qusaimlhem\7536267858645503240\frames\7536267858645503240_frame_03.png,male,0.9961
qusaimlhem,7537735047600786706,results_4\qusaimlhem\7537735047600786706\frames\7537735047600786706_frame_01.png,male,0.9976
qusaimlhem,7537735047600786706,results_4\qusaimlhem\7537735047600786706\frames\7537735047600786706_frame_02.png,male,0.9973
qusaimlhem,7537735047600786706,results_4\qusaimlhem\7537735047600786706\frames\7537735047600786706_frame_03.png,male,0.9971
qusaimlhem,7537735047600786706,results_4\qusaimlhem\7537735047600786706\frames\7537735047600786706_frame_04.png,male,0.9792
quynhmit3105,7530929887851449618,results_4\quynhmit3105\7530929887851449618\frames\7530929887851449618_frame_01.png,female,0.9972
quynhmit3105,7530929887851449618,results_4\quynhmit3105\7530929887851449618\frames\7530929887851449618_frame_02.png,female,0.9972
quynhmit3105,7530929887851449618,results_4\quynhmit3105\7530929887851449618\frames\7530929887851449618_frame_03.png,female,0.9976
quynhmit3105,7530929887851449618,results_4\quynhmit3105\7530929887851449618\frames\7530929887851449618_frame_04.png,female,0.9958
radjai09,7513547787963731218,results_4\radjai09\7513547787963731218\frames\7513547787963731218_frame_01.png,female,0.7432
radjai09,7513547787963731218,results_4\radjai09\7513547787963731218\frames\7513547787963731218_frame_02.png,female,0.5395
radjai09,7513547787963731218,results_4\radjai09\7513547787963731218\frames\7513547787963731218_frame_03.png,female,0.5375
radjai09,7514662901483851026,results_4\radjai09\7514662901483851026\frames\7514662901483851026_frame_01.png,female,0.9936
radjai09,7514662901483851026,results_4\radjai09\7514662901483851026\frames\7514662901483851026_frame_02.png,female,0.9967
radjai09,7514662901483851026,results_4\radjai09\7514662901483851026\frames\7514662901483851026_frame_03.png,female,0.9969
radjai09,7514662901483851026,results_4\radjai09\7514662901483851026\frames\7514662901483851026_frame_04.png,female,0.9973
radjai09,7515790554605620498,results_4\radjai09\7515790554605620498\frames\7515790554605620498_frame_01.png,female,0.9965
radjai09,7515790554605620498,results_4\radjai09\7515790554605620498\frames\7515790554605620498_frame_02.png,female,0.9966
radjai09,7515790554605620498,results_4\radjai09\7515790554605620498\frames\7515790554605620498_frame_03.png,female,0.9975
radjai09,7515790554605620498,results_4\radjai09\7515790554605620498\frames\7515790554605620498_frame_04.png,female,0.9976
rakibuddin493,7537353426213162247,results_4\rakibuddin493\7537353426213162247\frames\7537353426213162247_frame_01.png,female,0.9976
rakibuddin493,7537353426213162247,results_4\rakibuddin493\7537353426213162247\frames\7537353426213162247_frame_02.png,female,0.9982
rakibuddin493,7537353426213162247,results_4\rakibuddin493\7537353426213162247\frames\7537353426213162247_frame_03.png,female,0.9981
rakibuddin493,7537353426213162247,results_4\rakibuddin493\7537353426213162247\frames\7537353426213162247_frame_04.png,female,0.979
rakibuddin493,7538417583435959572,results_4\rakibuddin493\7538417583435959572\frames\7538417583435959572_frame_01.png,male,0.9901
rakibuddin493,7538417583435959572,results_4\rakibuddin493\7538417583435959572\frames\7538417583435959572_frame_02.png,female,0.9961
rakibuddin493,7538417583435959572,results_4\rakibuddin493\7538417583435959572\frames\7538417583435959572_frame_03.png,male,0.9947
rakibuddin493,7538417583435959572,results_4\rakibuddin493\7538417583435959572\frames\7538417583435959572_frame_04.png,female,0.9981
rakibuddin493,7538674314200091921,results_4\rakibuddin493\7538674314200091921\frames\7538674314200091921_frame_01.png,female,0.9981
rakibuddin493,7538674314200091921,results_4\rakibuddin493\7538674314200091921\frames\7538674314200091921_frame_02.png,male,0.9894
rakibuddin493,7538674314200091921,results_4\rakibuddin493\7538674314200091921\frames\7538674314200091921_frame_03.png,male,0.9797
rakibuddin493,7538674314200091921,results_4\rakibuddin493\7538674314200091921\frames\7538674314200091921_frame_04.png,female,0.9956
raniel214,7529470225826237704,results_4\raniel214\7529470225826237704\frames\7529470225826237704_frame_01.png,male,0.8052
raniel214,7529470225826237704,results_4\raniel214\7529470225826237704\frames\7529470225826237704_frame_02.png,male,0.8788
raniel214,7529470225826237704,results_4\raniel214\7529470225826237704\frames\7529470225826237704_frame_03.png,male,0.9643
raniel214,7529470225826237704,results_4\raniel214\7529470225826237704\frames\7529470225826237704_frame_04.png,male,0.9503
raniel214,7533877064391249160,results_4\raniel214\7533877064391249160\frames\7533877064391249160_frame_01.png,male,0.9941
raniel214,7533877064391249160,results_4\raniel214\7533877064391249160\frames\7533877064391249160_frame_02.png,male,0.9903
raniel214,7533877064391249160,results_4\raniel214\7533877064391249160\frames\7533877064391249160_frame_03.png,male,0.9832
raniel214,7533877064391249160,results_4\raniel214\7533877064391249160\frames\7533877064391249160_frame_04.png,male,0.8201
raniel214,7537584812819893522,results_4\raniel214\7537584812819893522\frames\7537584812819893522_frame_01.png,male,0.9967
raniel214,7537584812819893522,results_4\raniel214\7537584812819893522\frames\7537584812819893522_frame_02.png,male,0.9973
raniel214,7537584812819893522,results_4\raniel214\7537584812819893522\frames\7537584812819893522_frame_03.png,male,0.9968
raniel214,7537584812819893522,results_4\raniel214\7537584812819893522\frames\7537584812819893522_frame_04.png,male,0.9974
razvansilviu11,7536226704524627222,results_4\razvansilviu11\7536226704524627222\frames\7536226704524627222_frame_01.png,female,0.943
razvansilviu11,7536226704524627222,results_4\razvansilviu11\7536226704524627222\frames\7536226704524627222_frame_02.png,male,0.8406
razvansilviu11,7536226704524627222,results_4\razvansilviu11\7536226704524627222\frames\7536226704524627222_frame_03.png,female,0.8418
razvansilviu11,7536226704524627222,results_4\razvansilviu11\7536226704524627222\frames\7536226704524627222_frame_04.png,female,0.9923
razvansilviu11,7537994551860989206,results_4\razvansilviu11\7537994551860989206\frames\7537994551860989206_frame_01.png,male,0.8341
razvansilviu11,7537994551860989206,results_4\razvansilviu11\7537994551860989206\frames\7537994551860989206_frame_02.png,female,0.8111
razvansilviu11,7537994551860989206,results_4\razvansilviu11\7537994551860989206\frames\7537994551860989206_frame_03.png,male,0.8848
razvansilviu11,7537994551860989206,results_4\razvansilviu11\7537994551860989206\frames\7537994551860989206_frame_04.png,male,0.8182
razvansilviu11,7538037513496186134,results_4\razvansilviu11\7538037513496186134\frames\7538037513496186134_frame_01.png,male,0.9959
razvansilviu11,7538037513496186134,results_4\razvansilviu11\7538037513496186134\frames\7538037513496186134_frame_02.png,male,0.9922
razvansilviu11,7538037513496186134,results_4\razvansilviu11\7538037513496186134\frames\7538037513496186134_frame_03.png,male,0.9925
razvansilviu11,7538037513496186134,results_4\razvansilviu11\7538037513496186134\frames\7538037513496186134_frame_04.png,male,0.9946
rebecca.sowden,7530744112144780575,results_4\rebecca.sowden\7530744112144780575\frames\7530744112144780575_frame_01.png,female,0.9959
rebecca.sowden,7530744112144780575,results_4\rebecca.sowden\7530744112144780575\frames\7530744112144780575_frame_02.png,female,0.9941
rebecca.sowden,7530744112144780575,results_4\rebecca.sowden\7530744112144780575\frames\7530744112144780575_frame_03.png,female,0.9959
rebecca.sowden,7530744112144780575,results_4\rebecca.sowden\7530744112144780575\frames\7530744112144780575_frame_04.png,female,0.9963
rebecca.sowden,7532547852027890974,results_4\rebecca.sowden\7532547852027890974\frames\7532547852027890974_frame_01.png,female,0.9862
rebecca.sowden,7532547852027890974,results_4\rebecca.sowden\7532547852027890974\frames\7532547852027890974_frame_02.png,female,0.9944
rebecca.sowden,7532547852027890974,results_4\rebecca.sowden\7532547852027890974\frames\7532547852027890974_frame_03.png,female,0.992
rebecca.sowden,7532547852027890974,results_4\rebecca.sowden\7532547852027890974\frames\7532547852027890974_frame_04.png,female,0.9905
rebecca.sowden,7533032839617465630,results_4\rebecca.sowden\7533032839617465630\frames\7533032839617465630_frame_01.png,female,0.7831
rebecca.sowden,7533032839617465630,results_4\rebecca.sowden\7533032839617465630\frames\7533032839617465630_frame_02.png,male,0.8063
rebecca.sowden,7533032839617465630,results_4\rebecca.sowden\7533032839617465630\frames\7533032839617465630_frame_03.png,female,0.9938
rebecca.sowden,7533032839617465630,results_4\rebecca.sowden\7533032839617465630\frames\7533032839617465630_frame_04.png,female,0.9905
redisoncompany,7236297921489063195,results_4\redisoncompany\7236297921489063195\frames\7236297921489063195_frame_01.png,male,0.9979
redisoncompany,7236297921489063195,results_4\redisoncompany\7236297921489063195\frames\7236297921489063195_frame_02.png,male,0.998
redisoncompany,7236297921489063195,results_4\redisoncompany\7236297921489063195\frames\7236297921489063195_frame_03.png,male,0.9981
redisoncompany,7281215947476684064,results_4\redisoncompany\7281215947476684064\frames\7281215947476684064_frame_01.png,male,0.9981
redisoncompany,7281215947476684064,results_4\redisoncompany\7281215947476684064\frames\7281215947476684064_frame_02.png,male,0.9978
redisoncompany,7281215947476684064,results_4\redisoncompany\7281215947476684064\frames\7281215947476684064_frame_03.png,male,0.9978
redisoncompany,7281215947476684064,results_4\redisoncompany\7281215947476684064\frames\7281215947476684064_frame_04.png,male,0.9978
redisoncompany,7395299117687115041,results_4\redisoncompany\7395299117687115041\frames\7395299117687115041_frame_02.png,male,0.998
redisoncompany,7395299117687115041,results_4\redisoncompany\7395299117687115041\frames\7395299117687115041_frame_03.png,male,0.9979
redisoncompany,7395299117687115041,results_4\redisoncompany\7395299117687115041\frames\7395299117687115041_frame_04.png,male,0.9977
rence.d,7537984122828999944,results_4\rence.d\7537984122828999944\frames\7537984122828999944_frame_01.png,male,0.9442
rence.d,7537984122828999944,results_4\rence.d\7537984122828999944\frames\7537984122828999944_frame_02.png,female,0.9766
rence.d,7537984122828999944,results_4\rence.d\7537984122828999944\frames\7537984122828999944_frame_03.png,female,0.7092
rence.d,7537984122828999944,results_4\rence.d\7537984122828999944\frames\7537984122828999944_frame_04.png,male,0.8356
rence.d,7537984487800474887,results_4\rence.d\7537984487800474887\frames\7537984487800474887_frame_01.png,male,0.9426
rence.d,7537984487800474887,results_4\rence.d\7537984487800474887\frames\7537984487800474887_frame_02.png,male,0.522
rence.d,7537984487800474887,results_4\rence.d\7537984487800474887\frames\7537984487800474887_frame_03.png,male,0.9573
rence.d,7537984487800474887,results_4\rence.d\7537984487800474887\frames\7537984487800474887_frame_04.png,male,0.6286
rensyschneider,7527865458045766968,results_4\rensyschneider\7527865458045766968\frames\7527865458045766968_frame_01.png,male,0.9974
rensyschneider,7527865458045766968,results_4\rensyschneider\7527865458045766968\frames\7527865458045766968_frame_02.png,male,0.9926
rensyschneider,7527865458045766968,results_4\rensyschneider\7527865458045766968\frames\7527865458045766968_frame_03.png,male,0.9966
rensyschneider,7527865458045766968,results_4\rensyschneider\7527865458045766968\frames\7527865458045766968_frame_04.png,male,0.9973
rensyschneider,7528948654938344709,results_4\rensyschneider\7528948654938344709\frames\7528948654938344709_frame_01.png,male,0.9974
rensyschneider,7528948654938344709,results_4\rensyschneider\7528948654938344709\frames\7528948654938344709_frame_02.png,male,0.9974
rensyschneider,7528948654938344709,results_4\rensyschneider\7528948654938344709\frames\7528948654938344709_frame_03.png,male,0.9965
rensyschneider,7528948654938344709,results_4\rensyschneider\7528948654938344709\frames\7528948654938344709_frame_04.png,male,0.9973
rensyschneider,7529733019645611270,results_4\rensyschneider\7529733019645611270\frames\7529733019645611270_frame_01.png,male,0.997
rensyschneider,7529733019645611270,results_4\rensyschneider\7529733019645611270\frames\7529733019645611270_frame_02.png,male,0.9974
rensyschneider,7529733019645611270,results_4\rensyschneider\7529733019645611270\frames\7529733019645611270_frame_03.png,male,0.9961
rensyschneider,7529733019645611270,results_4\rensyschneider\7529733019645611270\frames\7529733019645611270_frame_04.png,male,0.9972
renzuwuu,7535761186403519762,results_4\renzuwuu\7535761186403519762\frames\7535761186403519762_frame_01.png,male,0.7324
renzuwuu,7535761186403519762,results_4\renzuwuu\7535761186403519762\frames\7535761186403519762_frame_02.png,female,0.5339
renzuwuu,7535761186403519762,results_4\renzuwuu\7535761186403519762\frames\7535761186403519762_frame_03.png,male,0.6966
renzuwuu,7535761186403519762,results_4\renzuwuu\7535761186403519762\frames\7535761186403519762_frame_04.png,female,0.9278
renzuwuu,7536872252881571090,results_4\renzuwuu\7536872252881571090\frames\7536872252881571090_frame_01.png,female,0.6414
renzuwuu,7536872252881571090,results_4\renzuwuu\7536872252881571090\frames\7536872252881571090_frame_02.png,female,0.5683
renzuwuu,7536872252881571090,results_4\renzuwuu\7536872252881571090\frames\7536872252881571090_frame_03.png,male,0.583
renzuwuu,7536872252881571090,results_4\renzuwuu\7536872252881571090\frames\7536872252881571090_frame_04.png,female,0.9287
renzuwuu,7538377799871008018,results_4\renzuwuu\7538377799871008018\frames\7538377799871008018_frame_01.png,female,0.9598
renzuwuu,7538377799871008018,results_4\renzuwuu\7538377799871008018\frames\7538377799871008018_frame_02.png,female,0.9981
renzuwuu,7538377799871008018,results_4\renzuwuu\7538377799871008018\frames\7538377799871008018_frame_03.png,female,0.9965
renzuwuu,7538377799871008018,results_4\renzuwuu\7538377799871008018\frames\7538377799871008018_frame_04.png,female,0.9961
reydynalrynaldi,7525694723542076690,results_4\reydynalrynaldi\7525694723542076690\frames\7525694723542076690_frame_01.png,male,0.9906
reydynalrynaldi,7525694723542076690,results_4\reydynalrynaldi\7525694723542076690\frames\7525694723542076690_frame_02.png,male,0.9936
reydynalrynaldi,7525694723542076690,results_4\reydynalrynaldi\7525694723542076690\frames\7525694723542076690_frame_03.png,male,0.9843
reydynalrynaldi,7525694723542076690,results_4\reydynalrynaldi\7525694723542076690\frames\7525694723542076690_frame_04.png,male,0.9885
reydynalrynaldi,7531646726415912210,results_4\reydynalrynaldi\7531646726415912210\frames\7531646726415912210_frame_01.png,female,0.9978
reydynalrynaldi,7531646726415912210,results_4\reydynalrynaldi\7531646726415912210\frames\7531646726415912210_frame_02.png,female,0.9864
reydynalrynaldi,7531646726415912210,results_4\reydynalrynaldi\7531646726415912210\frames\7531646726415912210_frame_03.png,female,0.9693
reydynalrynaldi,7531646726415912210,results_4\reydynalrynaldi\7531646726415912210\frames\7531646726415912210_frame_04.png,male,0.9944
reydynalrynaldi,7538463438100630792,results_4\reydynalrynaldi\7538463438100630792\frames\7538463438100630792_frame_01.png,male,0.9519
reydynalrynaldi,7538463438100630792,results_4\reydynalrynaldi\7538463438100630792\frames\7538463438100630792_frame_03.png,male,0.9963
rezafzl.id07,7517180422992743698,results_4\rezafzl.id07\7517180422992743698\frames\7517180422992743698_frame_01.png,male,0.9669
rezafzl.id07,7517180422992743698,results_4\rezafzl.id07\7517180422992743698\frames\7517180422992743698_frame_02.png,female,0.9904
rezafzl.id07,7517180422992743698,results_4\rezafzl.id07\7517180422992743698\frames\7517180422992743698_frame_03.png,female,0.9952
rezafzl.id07,7517180422992743698,results_4\rezafzl.id07\7517180422992743698\frames\7517180422992743698_frame_04.png,male,0.9093
rezafzl.id07,7517982631900744968,results_4\rezafzl.id07\7517982631900744968\frames\7517982631900744968_frame_03.png,female,0.9372
rfmlofficiel,7519110223576042758,results_4\rfmlofficiel\7519110223576042758\frames\7519110223576042758_frame_01.png,male,0.9921
rfmlofficiel,7519110223576042758,results_4\rfmlofficiel\7519110223576042758\frames\7519110223576042758_frame_02.png,male,0.9941
rfmlofficiel,7519110223576042758,results_4\rfmlofficiel\7519110223576042758\frames\7519110223576042758_frame_03.png,male,0.9931
rfmlofficiel,7519110223576042758,results_4\rfmlofficiel\7519110223576042758\frames\7519110223576042758_frame_04.png,male,0.9939
rfmlofficiel,7520556381590621496,results_4\rfmlofficiel\7520556381590621496\frames\7520556381590621496_frame_01.png,male,0.9963
rfmlofficiel,7520556381590621496,results_4\rfmlofficiel\7520556381590621496\frames\7520556381590621496_frame_02.png,male,0.9968
rfmlofficiel,7520556381590621496,results_4\rfmlofficiel\7520556381590621496\frames\7520556381590621496_frame_03.png,male,0.9958
rfmlofficiel,7520556381590621496,results_4\rfmlofficiel\7520556381590621496\frames\7520556381590621496_frame_04.png,male,0.9949
rfmlofficiel,7524636485979622712,results_4\rfmlofficiel\7524636485979622712\frames\7524636485979622712_frame_01.png,male,0.9947
rfmlofficiel,7524636485979622712,results_4\rfmlofficiel\7524636485979622712\frames\7524636485979622712_frame_02.png,male,0.9808
rfmlofficiel,7524636485979622712,results_4\rfmlofficiel\7524636485979622712\frames\7524636485979622712_frame_03.png,male,0.9962
rfmlofficiel,7524636485979622712,results_4\rfmlofficiel\7524636485979622712\frames\7524636485979622712_frame_04.png,male,0.9722
rg4_skiel,7531092278220197141,results_4\rg4_skiel\7531092278220197141\frames\7531092278220197141_frame_04.png,male,0.9968
ridukushmidahit,7508940382676241671,results_4\ridukushmidahit\7508940382676241671\frames\7508940382676241671_frame_01.png,female,0.9968
ridukushmidahit,7508940382676241671,results_4\ridukushmidahit\7508940382676241671\frames\7508940382676241671_frame_02.png,female,0.9976
ridukushmidahit,7508940382676241671,results_4\ridukushmidahit\7508940382676241671\frames\7508940382676241671_frame_03.png,female,0.9956
ridukushmidahit,7508940382676241671,results_4\ridukushmidahit\7508940382676241671\frames\7508940382676241671_frame_04.png,female,0.9974
ridukushmidahit,7513054261006519570,results_4\ridukushmidahit\7513054261006519570\frames\7513054261006519570_frame_01.png,female,0.9981
ridukushmidahit,7513054261006519570,results_4\ridukushmidahit\7513054261006519570\frames\7513054261006519570_frame_02.png,female,0.9981
ridukushmidahit,7513054261006519570,results_4\ridukushmidahit\7513054261006519570\frames\7513054261006519570_frame_03.png,female,0.9978
ridukushmidahit,7513054261006519570,results_4\ridukushmidahit\7513054261006519570\frames\7513054261006519570_frame_04.png,female,0.9979
ridukushmidahit,7515658802725784850,results_4\ridukushmidahit\7515658802725784850\frames\7515658802725784850_frame_01.png,female,0.9981
ridukushmidahit,7515658802725784850,results_4\ridukushmidahit\7515658802725784850\frames\7515658802725784850_frame_02.png,female,0.9981
ridukushmidahit,7515658802725784850,results_4\ridukushmidahit\7515658802725784850\frames\7515658802725784850_frame_03.png,female,0.9979
ridukushmidahit,7515658802725784850,results_4\ridukushmidahit\7515658802725784850\frames\7515658802725784850_frame_04.png,female,0.9945
ritlisistas,7525701701823712534,results_4\ritlisistas\7525701701823712534\frames\7525701701823712534_frame_01.png,male,0.9746
ritlisistas,7525701701823712534,results_4\ritlisistas\7525701701823712534\frames\7525701701823712534_frame_02.png,female,0.9979
ritlisistas,7525701701823712534,results_4\ritlisistas\7525701701823712534\frames\7525701701823712534_frame_03.png,female,0.9978
ritlisistas,7525701701823712534,results_4\ritlisistas\7525701701823712534\frames\7525701701823712534_frame_04.png,female,0.993
ritlisistas,7527732752645459222,results_4\ritlisistas\7527732752645459222\frames\7527732752645459222_frame_01.png,female,0.9974
ritlisistas,7527732752645459222,results_4\ritlisistas\7527732752645459222\frames\7527732752645459222_frame_02.png,female,0.998
ritlisistas,7527732752645459222,results_4\ritlisistas\7527732752645459222\frames\7527732752645459222_frame_03.png,female,0.998
ritlisistas,7527732752645459222,results_4\ritlisistas\7527732752645459222\frames\7527732752645459222_frame_04.png,female,0.9973
ritlisistas,7532742807224618262,results_4\ritlisistas\7532742807224618262\frames\7532742807224618262_frame_01.png,female,0.9979
ritlisistas,7532742807224618262,results_4\ritlisistas\7532742807224618262\frames\7532742807224618262_frame_02.png,female,0.9982
ritlisistas,7532742807224618262,results_4\ritlisistas\7532742807224618262\frames\7532742807224618262_frame_03.png,female,0.998
ritlisistas,7532742807224618262,results_4\ritlisistas\7532742807224618262\frames\7532742807224618262_frame_04.png,female,0.9981
rodricr527,7509473876527598904,results_4\rodricr527\7509473876527598904\frames\7509473876527598904_frame_02.png,female,0.606
rodricr527,7509473876527598904,results_4\rodricr527\7509473876527598904\frames\7509473876527598904_frame_03.png,male,0.7164
rojruay2465,7259946487990193413,results_4\rojruay2465\7259946487990193413\frames\7259946487990193413_frame_01.png,male,0.9877
rojruay2465,7259946487990193413,results_4\rojruay2465\7259946487990193413\frames\7259946487990193413_frame_02.png,male,0.8001
rojruay2465,7259946487990193413,results_4\rojruay2465\7259946487990193413\frames\7259946487990193413_frame_03.png,male,0.9883
rojruay2465,7259946487990193413,results_4\rojruay2465\7259946487990193413\frames\7259946487990193413_frame_04.png,male,0.9008
rolopolotv,7534863938916240646,results_4\rolopolotv\7534863938916240646\frames\7534863938916240646_frame_02.png,male,0.9973
rolopolotv,7534863938916240646,results_4\rolopolotv\7534863938916240646\frames\7534863938916240646_frame_04.png,male,0.9964
ronald43m,7483977088773442871,results_4\ronald43m\7483977088773442871\frames\7483977088773442871_frame_01.png,male,0.9957
ronald43m,7483977088773442871,results_4\ronald43m\7483977088773442871\frames\7483977088773442871_frame_02.png,male,0.9916
ronald43m,7483977088773442871,results_4\ronald43m\7483977088773442871\frames\7483977088773442871_frame_03.png,male,0.994
ronald43m,7483977088773442871,results_4\ronald43m\7483977088773442871\frames\7483977088773442871_frame_04.png,male,0.9961
rowwxee,7538389233686416658,results_4\rowwxee\7538389233686416658\frames\7538389233686416658_frame_01.png,female,0.998
rowwxee,7538389233686416658,results_4\rowwxee\7538389233686416658\frames\7538389233686416658_frame_02.png,female,0.998
rowwxee,7538389233686416658,results_4\rowwxee\7538389233686416658\frames\7538389233686416658_frame_03.png,female,0.998
rowwxee,7538389233686416658,results_4\rowwxee\7538389233686416658\frames\7538389233686416658_frame_04.png,female,0.998
rowwxee,7538399982735609096,results_4\rowwxee\7538399982735609096\frames\7538399982735609096_frame_01.png,female,0.9982
rowwxee,7538399982735609096,results_4\rowwxee\7538399982735609096\frames\7538399982735609096_frame_02.png,female,0.9982
rowwxee,7538399982735609096,results_4\rowwxee\7538399982735609096\frames\7538399982735609096_frame_03.png,female,0.9981
rowwxee,7538399982735609096,results_4\rowwxee\7538399982735609096\frames\7538399982735609096_frame_04.png,female,0.998
rowwxee,7538709760053497096,results_4\rowwxee\7538709760053497096\frames\7538709760053497096_frame_01.png,female,0.9975
rowwxee,7538709760053497096,results_4\rowwxee\7538709760053497096\frames\7538709760053497096_frame_02.png,female,0.998
rowwxee,7538709760053497096,results_4\rowwxee\7538709760053497096\frames\7538709760053497096_frame_03.png,female,0.9978
rowwxee,7538709760053497096,results_4\rowwxee\7538709760053497096\frames\7538709760053497096_frame_04.png,female,0.9976
royblot_,7458382354722327840,results_4\royblot_\7458382354722327840\frames\7458382354722327840_frame_03.png,female,0.6398
royblot_,7458382354722327840,results_4\royblot_\7458382354722327840\frames\7458382354722327840_frame_04.png,female,0.5749
samixstreets,7527291688075726087,results_4\samixstreets\7527291688075726087\frames\7527291688075726087_frame_01.png,female,0.9023
samixstreets,7527291688075726087,results_4\samixstreets\7527291688075726087\frames\7527291688075726087_frame_02.png,female,0.6967
samixstreets,7527291688075726087,results_4\samixstreets\7527291688075726087\frames\7527291688075726087_frame_03.png,male,0.9971
samixstreets,7527291688075726087,results_4\samixstreets\7527291688075726087\frames\7527291688075726087_frame_04.png,male,0.9961
sana11rka44,7517504156467334408,results_4\sana11rka44\7517504156467334408\frames\7517504156467334408_frame_01.png,male,0.9397
sana11rka44,7517504156467334408,results_4\sana11rka44\7517504156467334408\frames\7517504156467334408_frame_02.png,female,0.8204
sana11rka44,7517504156467334408,results_4\sana11rka44\7517504156467334408\frames\7517504156467334408_frame_03.png,female,0.9853
sana11rka44,7517504156467334408,results_4\sana11rka44\7517504156467334408\frames\7517504156467334408_frame_04.png,female,0.9046
sana11rka44,7517872866365279495,results_4\sana11rka44\7517872866365279495\frames\7517872866365279495_frame_01.png,female,0.9897
sana11rka44,7517872866365279495,results_4\sana11rka44\7517872866365279495\frames\7517872866365279495_frame_02.png,female,0.6722
sana11rka44,7517872866365279495,results_4\sana11rka44\7517872866365279495\frames\7517872866365279495_frame_03.png,female,0.9726
sana11rka44,7517872866365279495,results_4\sana11rka44\7517872866365279495\frames\7517872866365279495_frame_04.png,female,0.9505
sana11rka44,7518287748059516178,results_4\sana11rka44\7518287748059516178\frames\7518287748059516178_frame_03.png,female,0.7656
sana11rka44,7518287748059516178,results_4\sana11rka44\7518287748059516178\frames\7518287748059516178_frame_04.png,female,0.9454
saoleyv,7505027927390555399,results_4\saoleyv\7505027927390555399\frames\7505027927390555399_frame_01.png,male,0.9966
saoleyv,7505027927390555399,results_4\saoleyv\7505027927390555399\frames\7505027927390555399_frame_02.png,male,0.998
saoleyv,7505027927390555399,results_4\saoleyv\7505027927390555399\frames\7505027927390555399_frame_03.png,male,0.9965
saoleyv,7535883205249977607,results_4\saoleyv\7535883205249977607\frames\7535883205249977607_frame_01.png,male,0.9951
saoleyv,7535883205249977607,results_4\saoleyv\7535883205249977607\frames\7535883205249977607_frame_02.png,male,0.9977
saoleyv,7535883205249977607,results_4\saoleyv\7535883205249977607\frames\7535883205249977607_frame_03.png,male,0.9976
sarahkatereynolds,7536369781625113911,results_4\sarahkatereynolds\7536369781625113911\frames\7536369781625113911_frame_01.png,female,0.9981
sarahkatereynolds,7536369781625113911,results_4\sarahkatereynolds\7536369781625113911\frames\7536369781625113911_frame_02.png,female,0.9983
sarahkatereynolds,7536369781625113911,results_4\sarahkatereynolds\7536369781625113911\frames\7536369781625113911_frame_03.png,female,0.9982
sarahkatereynolds,7536369781625113911,results_4\sarahkatereynolds\7536369781625113911\frames\7536369781625113911_frame_04.png,female,0.998
sarahkatereynolds,7537744786065771831,results_4\sarahkatereynolds\7537744786065771831\frames\7537744786065771831_frame_03.png,female,0.9975
sarahkatereynolds,7537744786065771831,results_4\sarahkatereynolds\7537744786065771831\frames\7537744786065771831_frame_04.png,female,0.998
sarahkatereynolds,7538654881242942775,results_4\sarahkatereynolds\7538654881242942775\frames\7538654881242942775_frame_01.png,female,0.9971
sarahkatereynolds,7538654881242942775,results_4\sarahkatereynolds\7538654881242942775\frames\7538654881242942775_frame_02.png,female,0.9951
sarahkatereynolds,7538654881242942775,results_4\sarahkatereynolds\7538654881242942775\frames\7538654881242942775_frame_03.png,female,0.9976
sarahkatereynolds,7538654881242942775,results_4\sarahkatereynolds\7538654881242942775\frames\7538654881242942775_frame_04.png,female,0.9972
saryvk,7537732037243948294,results_4\saryvk\7537732037243948294\frames\7537732037243948294_frame_01.png,male,0.9977
saryvk,7537732037243948294,results_4\saryvk\7537732037243948294\frames\7537732037243948294_frame_02.png,male,0.9977
saryvk,7537732037243948294,results_4\saryvk\7537732037243948294\frames\7537732037243948294_frame_03.png,male,0.9976
saryvk,7537732037243948294,results_4\saryvk\7537732037243948294\frames\7537732037243948294_frame_04.png,male,0.9976
saryvk,7538524702113877304,results_4\saryvk\7538524702113877304\frames\7538524702113877304_frame_01.png,male,0.9975
saryvk,7538524702113877304,results_4\saryvk\7538524702113877304\frames\7538524702113877304_frame_02.png,male,0.9975
saryvk,7538524702113877304,results_4\saryvk\7538524702113877304\frames\7538524702113877304_frame_03.png,male,0.9975
saryvk,7538524702113877304,results_4\saryvk\7538524702113877304\frames\7538524702113877304_frame_04.png,female,0.9981
saryvk,7538596244399213829,results_4\saryvk\7538596244399213829\frames\7538596244399213829_frame_01.png,male,0.9979
saryvk,7538596244399213829,results_4\saryvk\7538596244399213829\frames\7538596244399213829_frame_02.png,male,0.998
saryvk,7538596244399213829,results_4\saryvk\7538596244399213829\frames\7538596244399213829_frame_03.png,male,0.998
saryvk,7538596244399213829,results_4\saryvk\7538596244399213829\frames\7538596244399213829_frame_04.png,male,0.998
sasha.yakubova,7528068693469777170,results_4\sasha.yakubova\7528068693469777170\frames\7528068693469777170_frame_01.png,female,0.9978
sasha.yakubova,7530315120438824200,results_4\sasha.yakubova\7530315120438824200\frames\7530315120438824200_frame_01.png,female,0.9977
sergheimizil,7529453270775942422,results_4\sergheimizil\7529453270775942422\frames\7529453270775942422_frame_03.png,male,0.9802
sergheimizil,7529453270775942422,results_4\sergheimizil\7529453270775942422\frames\7529453270775942422_frame_04.png,male,0.9968
sergheimizil,7532796088395287830,results_4\sergheimizil\7532796088395287830\frames\7532796088395287830_frame_01.png,male,0.9958
sergheimizil,7532796088395287830,results_4\sergheimizil\7532796088395287830\frames\7532796088395287830_frame_02.png,male,0.9923
sergheimizil,7532796088395287830,results_4\sergheimizil\7532796088395287830\frames\7532796088395287830_frame_03.png,male,0.9925
sergheimizil,7532796088395287830,results_4\sergheimizil\7532796088395287830\frames\7532796088395287830_frame_04.png,male,0.9926
sergheimizil,7535142321461955862,results_4\sergheimizil\7535142321461955862\frames\7535142321461955862_frame_01.png,male,0.9972
sergheimizil,7535142321461955862,results_4\sergheimizil\7535142321461955862\frames\7535142321461955862_frame_02.png,male,0.9976
sergheimizil,7535142321461955862,results_4\sergheimizil\7535142321461955862\frames\7535142321461955862_frame_04.png,male,0.9978
seydina1103,7536943621317217542,results_4\seydina1103\7536943621317217542\frames\7536943621317217542_frame_01.png,male,0.9421
seydina1103,7536943621317217542,results_4\seydina1103\7536943621317217542\frames\7536943621317217542_frame_02.png,male,0.9843
seydina1103,7536943621317217542,results_4\seydina1103\7536943621317217542\frames\7536943621317217542_frame_03.png,male,0.5771
seydina1103,7536943621317217542,results_4\seydina1103\7536943621317217542\frames\7536943621317217542_frame_04.png,male,0.961
seydina1103,7537312447141547270,results_4\seydina1103\7537312447141547270\frames\7537312447141547270_frame_01.png,male,0.9963
seydina1103,7537312447141547270,results_4\seydina1103\7537312447141547270\frames\7537312447141547270_frame_02.png,male,0.9963
seydina1103,7537312447141547270,results_4\seydina1103\7537312447141547270\frames\7537312447141547270_frame_03.png,male,0.9964
seydina1103,7537312447141547270,results_4\seydina1103\7537312447141547270\frames\7537312447141547270_frame_04.png,male,0.9964
seydina1103,7538035054140771590,results_4\seydina1103\7538035054140771590\frames\7538035054140771590_frame_01.png,male,0.992
seydina1103,7538035054140771590,results_4\seydina1103\7538035054140771590\frames\7538035054140771590_frame_02.png,male,0.9884
seydina1103,7538035054140771590,results_4\seydina1103\7538035054140771590\frames\7538035054140771590_frame_03.png,male,0.985
seydina1103,7538035054140771590,results_4\seydina1103\7538035054140771590\frames\7538035054140771590_frame_04.png,male,0.9937
shibalove,6883880750119259394,results_4\shibalove\6883880750119259394\frames\6883880750119259394_frame_01.png,female,0.9795
shibalove,6883880750119259394,results_4\shibalove\6883880750119259394\frames\6883880750119259394_frame_02.png,female,0.9716
shibalove,6883880750119259394,results_4\shibalove\6883880750119259394\frames\6883880750119259394_frame_03.png,female,0.9813
shibalove,6883880750119259394,results_4\shibalove\6883880750119259394\frames\6883880750119259394_frame_04.png,female,0.9938
silvanarm_,7537773388585094407,results_4\silvanarm_\7537773388585094407\frames\7537773388585094407_frame_01.png,female,0.9982
silvanarm_,7537773388585094407,results_4\silvanarm_\7537773388585094407\frames\7537773388585094407_frame_02.png,female,0.9982
silvanarm_,7537773388585094407,results_4\silvanarm_\7537773388585094407\frames\7537773388585094407_frame_03.png,female,0.9982
silvanarm_,7537960425522990354,results_4\silvanarm_\7537960425522990354\frames\7537960425522990354_frame_01.png,female,0.9978
silvanarm_,7537960425522990354,results_4\silvanarm_\7537960425522990354\frames\7537960425522990354_frame_02.png,female,0.9973
silvanarm_,7537960425522990354,results_4\silvanarm_\7537960425522990354\frames\7537960425522990354_frame_03.png,female,0.9981
silvanarm_,7537960425522990354,results_4\silvanarm_\7537960425522990354\frames\7537960425522990354_frame_04.png,female,0.9979
silvanarm_,7538294797216271634,results_4\silvanarm_\7538294797216271634\frames\7538294797216271634_frame_01.png,female,0.9982
silvanarm_,7538294797216271634,results_4\silvanarm_\7538294797216271634\frames\7538294797216271634_frame_02.png,female,0.9972
silvanarm_,7538294797216271634,results_4\silvanarm_\7538294797216271634\frames\7538294797216271634_frame_03.png,female,0.9978
silvanarm_,7538294797216271634,results_4\silvanarm_\7538294797216271634\frames\7538294797216271634_frame_04.png,female,0.9982
simionflorin23,7200473559620177157,results_4\simionflorin23\7200473559620177157\frames\7200473559620177157_frame_01.png,male,0.9967
simionflorin23,7200473559620177157,results_4\simionflorin23\7200473559620177157\frames\7200473559620177157_frame_02.png,male,0.9968
simionflorin23,7200473559620177157,results_4\simionflorin23\7200473559620177157\frames\7200473559620177157_frame_03.png,male,0.9972
simionflorin23,7200473559620177157,results_4\simionflorin23\7200473559620177157\frames\7200473559620177157_frame_04.png,male,0.9969
simionflorin23,7422997704617315616,results_4\simionflorin23\7422997704617315616\frames\7422997704617315616_frame_01.png,female,0.9929
simionflorin23,7422997704617315616,results_4\simionflorin23\7422997704617315616\frames\7422997704617315616_frame_02.png,female,0.9954
simionflorin23,7422997704617315616,results_4\simionflorin23\7422997704617315616\frames\7422997704617315616_frame_03.png,male,0.9816
simoncisnerospro,7528967148308335880,results_4\simoncisnerospro\7528967148308335880\frames\7528967148308335880_frame_01.png,female,0.9979
simoncisnerospro,7528967148308335880,results_4\simoncisnerospro\7528967148308335880\frames\7528967148308335880_frame_02.png,female,0.9979
simoncisnerospro,7537199290351930631,results_4\simoncisnerospro\7537199290351930631\frames\7537199290351930631_frame_01.png,male,0.9902
simoncisnerospro,7537199290351930631,results_4\simoncisnerospro\7537199290351930631\frames\7537199290351930631_frame_02.png,male,0.9566
simoncisnerospro,7537199290351930631,results_4\simoncisnerospro\7537199290351930631\frames\7537199290351930631_frame_03.png,male,0.9965
simoncisnerospro,7537199290351930631,results_4\simoncisnerospro\7537199290351930631\frames\7537199290351930631_frame_04.png,male,0.9835
siovera,7537500716659723533,results_4\siovera\7537500716659723533\frames\7537500716659723533_frame_01.png,female,0.9981
siovera,7537500716659723533,results_4\siovera\7537500716659723533\frames\7537500716659723533_frame_02.png,female,0.9983
siovera,7537500716659723533,results_4\siovera\7537500716659723533\frames\7537500716659723533_frame_03.png,female,0.9983
siovera,7537500716659723533,results_4\siovera\7537500716659723533\frames\7537500716659723533_frame_04.png,female,0.9982
siovera,7537826673933176077,results_4\siovera\7537826673933176077\frames\7537826673933176077_frame_03.png,male,0.8283
siovera,7538550525915106573,results_4\siovera\7538550525915106573\frames\7538550525915106573_frame_01.png,female,0.9977
siovera,7538550525915106573,results_4\siovera\7538550525915106573\frames\7538550525915106573_frame_02.png,female,0.998
siovera,7538550525915106573,results_4\siovera\7538550525915106573\frames\7538550525915106573_frame_03.png,female,0.9982
siovera,7538550525915106573,results_4\siovera\7538550525915106573\frames\7538550525915106573_frame_04.png,female,0.9981
smarttech_ai,7537842659457535262,results_4\smarttech_ai\7537842659457535262\frames\7537842659457535262_frame_01.png,female,0.976
smarttech_ai,7537842659457535262,results_4\smarttech_ai\7537842659457535262\frames\7537842659457535262_frame_03.png,male,0.6297
smarttech_ai,7538216932068183327,results_4\smarttech_ai\7538216932068183327\frames\7538216932068183327_frame_01.png,female,0.9681
smarttech_ai,7538587617248447775,results_4\smarttech_ai\7538587617248447775\frames\7538587617248447775_frame_01.png,male,0.6764
sobanali54,7408128096605359367,results_4\sobanali54\7408128096605359367\frames\7408128096605359367_frame_01.png,male,0.9922
sobanali54,7408128096605359367,results_4\sobanali54\7408128096605359367\frames\7408128096605359367_frame_02.png,male,0.9926
sofiafierroq,7506717722999573816,results_4\sofiafierroq\7506717722999573816\frames\7506717722999573816_frame_01.png,female,0.849
sofiafierroq,7506717722999573816,results_4\sofiafierroq\7506717722999573816\frames\7506717722999573816_frame_02.png,male,0.9809
sofiafierroq,7506717722999573816,results_4\sofiafierroq\7506717722999573816\frames\7506717722999573816_frame_03.png,female,0.9979
sofiafierroq,7506717722999573816,results_4\sofiafierroq\7506717722999573816\frames\7506717722999573816_frame_04.png,female,0.9979
sofiafierroq,7511577011890998584,results_4\sofiafierroq\7511577011890998584\frames\7511577011890998584_frame_01.png,female,0.9979
sofiafierroq,7511577011890998584,results_4\sofiafierroq\7511577011890998584\frames\7511577011890998584_frame_02.png,female,0.998
sofiafierroq,7511577011890998584,results_4\sofiafierroq\7511577011890998584\frames\7511577011890998584_frame_03.png,female,0.9939
sofiafierroq,7511577011890998584,results_4\sofiafierroq\7511577011890998584\frames\7511577011890998584_frame_04.png,female,0.9978
sofiafierroq,7513047787819355397,results_4\sofiafierroq\7513047787819355397\frames\7513047787819355397_frame_01.png,female,0.9974
sofiafierroq,7513047787819355397,results_4\sofiafierroq\7513047787819355397\frames\7513047787819355397_frame_02.png,female,0.9973
sofiafierroq,7513047787819355397,results_4\sofiafierroq\7513047787819355397\frames\7513047787819355397_frame_03.png,female,0.9974
soytonyet,7538412549520264470,results_4\soytonyet\7538412549520264470\frames\7538412549520264470_frame_03.png,male,0.9558
soytonyet,7538412549520264470,results_4\soytonyet\7538412549520264470\frames\7538412549520264470_frame_04.png,male,0.9707
stephanyandrea,7531134390097759518,results_4\stephanyandrea\7531134390097759518\frames\7531134390097759518_frame_03.png,female,0.9973
straw_hat00,7532940779451370774,results_4\straw_hat00\7532940779451370774\frames\7532940779451370774_frame_01.png,male,0.9977
straw_hat00,7532940779451370774,results_4\straw_hat00\7532940779451370774\frames\7532940779451370774_frame_02.png,male,0.9977
straw_hat00,7532940779451370774,results_4\straw_hat00\7532940779451370774\frames\7532940779451370774_frame_03.png,male,0.9972
straw_hat00,7532940779451370774,results_4\straw_hat00\7532940779451370774\frames\7532940779451370774_frame_04.png,male,0.9971
straw_hat00,7537212296947305750,results_4\straw_hat00\7537212296947305750\frames\7537212296947305750_frame_02.png,male,0.9933
straw_hat00,7537212296947305750,results_4\straw_hat00\7537212296947305750\frames\7537212296947305750_frame_03.png,male,0.9947
straw_hat00,7537212296947305750,results_4\straw_hat00\7537212296947305750\frames\7537212296947305750_frame_04.png,male,0.9942
stwoichs,7533904311982755074,results_4\stwoichs\7533904311982755074\frames\7533904311982755074_frame_01.png,female,0.9973
stwoichs,7533904311982755074,results_4\stwoichs\7533904311982755074\frames\7533904311982755074_frame_02.png,female,0.9967
stwoichs,7533904311982755074,results_4\stwoichs\7533904311982755074\frames\7533904311982755074_frame_03.png,female,0.9967
stwoichs,7533904311982755074,results_4\stwoichs\7533904311982755074\frames\7533904311982755074_frame_04.png,female,0.997
stwoichs,7535037878997634326,results_4\stwoichs\7535037878997634326\frames\7535037878997634326_frame_01.png,female,0.9974
stwoichs,7535037878997634326,results_4\stwoichs\7535037878997634326\frames\7535037878997634326_frame_02.png,female,0.9978
stwoichs,7535037878997634326,results_4\stwoichs\7535037878997634326\frames\7535037878997634326_frame_03.png,female,0.9979
stwoichs,7535037878997634326,results_4\stwoichs\7535037878997634326\frames\7535037878997634326_frame_04.png,female,0.9973
stwoichs,7537579386325765398,results_4\stwoichs\7537579386325765398\frames\7537579386325765398_frame_01.png,female,0.9973
stwoichs,7537579386325765398,results_4\stwoichs\7537579386325765398\frames\7537579386325765398_frame_02.png,female,0.997
stwoichs,7537579386325765398,results_4\stwoichs\7537579386325765398\frames\7537579386325765398_frame_03.png,female,0.9974
stwoichs,7537579386325765398,results_4\stwoichs\7537579386325765398\frames\7537579386325765398_frame_04.png,female,0.9971
summernoel_,7530661448293289271,results_4\summernoel_\7530661448293289271\frames\7530661448293289271_frame_01.png,female,0.9926
summernoel_,7530661448293289271,results_4\summernoel_\7530661448293289271\frames\7530661448293289271_frame_02.png,female,0.9962
summernoel_,7530661448293289271,results_4\summernoel_\7530661448293289271\frames\7530661448293289271_frame_03.png,female,0.9925
summernoel_,7530661448293289271,results_4\summernoel_\7530661448293289271\frames\7530661448293289271_frame_04.png,female,0.9477
summernoel_,7534777710296517943,results_4\summernoel_\7534777710296517943\frames\7534777710296517943_frame_02.png,female,0.9867
summernoel_,7534777710296517943,results_4\summernoel_\7534777710296517943\frames\7534777710296517943_frame_03.png,female,0.9957
summernoel_,7534849099586227511,results_4\summernoel_\7534849099586227511\frames\7534849099586227511_frame_01.png,female,0.998
summernoel_,7534849099586227511,results_4\summernoel_\7534849099586227511\frames\7534849099586227511_frame_02.png,female,0.9956
summernoel_,7534849099586227511,results_4\summernoel_\7534849099586227511\frames\7534849099586227511_frame_03.png,female,0.9966
summernoel_,7534849099586227511,results_4\summernoel_\7534849099586227511\frames\7534849099586227511_frame_04.png,female,0.998
sunerahkamal,7538107390097394962,results_4\sunerahkamal\7538107390097394962\frames\7538107390097394962_frame_01.png,female,0.9977
sunerahkamal,7538107390097394962,results_4\sunerahkamal\7538107390097394962\frames\7538107390097394962_frame_02.png,female,0.9981
sunerahkamal,7538107390097394962,results_4\sunerahkamal\7538107390097394962\frames\7538107390097394962_frame_03.png,female,0.9981
sunerahkamal,7538107390097394962,results_4\sunerahkamal\7538107390097394962\frames\7538107390097394962_frame_04.png,female,0.9982
sunerahkamal,7538108245387250951,results_4\sunerahkamal\7538108245387250951\frames\7538108245387250951_frame_01.png,female,0.9981
sunerahkamal,7538108245387250951,results_4\sunerahkamal\7538108245387250951\frames\7538108245387250951_frame_02.png,female,0.9978
sunerahkamal,7538108245387250951,results_4\sunerahkamal\7538108245387250951\frames\7538108245387250951_frame_03.png,female,0.9979
sunerahkamal,7538108245387250951,results_4\sunerahkamal\7538108245387250951\frames\7538108245387250951_frame_04.png,female,0.9978
sunflow3rsamurai,7537860257842875678,results_4\sunflow3rsamurai\7537860257842875678\frames\7537860257842875678_frame_01.png,female,0.995
sunflow3rsamurai,7537860257842875678,results_4\sunflow3rsamurai\7537860257842875678\frames\7537860257842875678_frame_02.png,female,0.9975
sunflow3rsamurai,7537860257842875678,results_4\sunflow3rsamurai\7537860257842875678\frames\7537860257842875678_frame_03.png,female,0.9977
sunflow3rsamurai,7537860257842875678,results_4\sunflow3rsamurai\7537860257842875678\frames\7537860257842875678_frame_04.png,female,0.9969
surf_lakes,7447705331368561938,results_4\surf_lakes\7447705331368561938\frames\7447705331368561938_frame_01.png,female,0.6779
swagg.boiz,7473148623384055071,results_4\swagg.boiz\7473148623384055071\frames\7473148623384055071_frame_04.png,female,0.5223
swagg.boiz,7498768761562991918,results_4\swagg.boiz\7498768761562991918\frames\7498768761562991918_frame_03.png,male,0.588
swlking,7530482770334846216,results_4\swlking\7530482770334846216\frames\7530482770334846216_frame_01.png,male,0.7971
swlking,7530482770334846216,results_4\swlking\7530482770334846216\frames\7530482770334846216_frame_02.png,female,0.5052
swlking,7530482770334846216,results_4\swlking\7530482770334846216\frames\7530482770334846216_frame_03.png,male,0.9648
swlking,7530482770334846216,results_4\swlking\7530482770334846216\frames\7530482770334846216_frame_04.png,male,0.9139
swlking,7534895563167304967,results_4\swlking\7534895563167304967\frames\7534895563167304967_frame_01.png,male,0.9963
swlking,7534895563167304967,results_4\swlking\7534895563167304967\frames\7534895563167304967_frame_02.png,male,0.5361
swlking,7536659550452108552,results_4\swlking\7536659550452108552\frames\7536659550452108552_frame_01.png,male,0.9978
swlking,7536659550452108552,results_4\swlking\7536659550452108552\frames\7536659550452108552_frame_02.png,male,0.9973
sydnie_green,7537763960632691998,results_4\sydnie_green\7537763960632691998\frames\7537763960632691998_frame_04.png,female,0.9978
sydnie_green,7538148944790998302,results_4\sydnie_green\7538148944790998302\frames\7538148944790998302_frame_01.png,female,0.9978
sydnie_green,7538148944790998302,results_4\sydnie_green\7538148944790998302\frames\7538148944790998302_frame_03.png,female,0.9381
sydnie_green,7538148944790998302,results_4\sydnie_green\7538148944790998302\frames\7538148944790998302_frame_04.png,female,0.996
sydnie_green,7538571262864543006,results_4\sydnie_green\7538571262864543006\frames\7538571262864543006_frame_01.png,female,0.9983
sydnie_green,7538571262864543006,results_4\sydnie_green\7538571262864543006\frames\7538571262864543006_frame_02.png,female,0.9981
sydnie_green,7538571262864543006,results_4\sydnie_green\7538571262864543006\frames\7538571262864543006_frame_03.png,female,0.9897
sydnie_green,7538571262864543006,results_4\sydnie_green\7538571262864543006\frames\7538571262864543006_frame_04.png,female,0.9967
syedsahidan,7508090255833042177,results_4\syedsahidan\7508090255833042177\frames\7508090255833042177_frame_01.png,male,0.9955
syedsahidan,7508090255833042177,results_4\syedsahidan\7508090255833042177\frames\7508090255833042177_frame_02.png,male,0.9596
syedsahidan,7508090255833042177,results_4\syedsahidan\7508090255833042177\frames\7508090255833042177_frame_03.png,male,0.9947
syedsahidan,7508090255833042177,results_4\syedsahidan\7508090255833042177\frames\7508090255833042177_frame_04.png,male,0.9935
taipoov,7538389577241775366,results_4\taipoov\7538389577241775366\frames\7538389577241775366_frame_01.png,male,0.987
taipoov,7538389577241775366,results_4\taipoov\7538389577241775366\frames\7538389577241775366_frame_02.png,male,0.989
taipoov,7538389577241775366,results_4\taipoov\7538389577241775366\frames\7538389577241775366_frame_03.png,male,0.9945
taipoov,7538389577241775366,results_4\taipoov\7538389577241775366\frames\7538389577241775366_frame_04.png,male,0.7967
taipoov,7538389637027564856,results_4\taipoov\7538389637027564856\frames\7538389637027564856_frame_01.png,male,0.996
taipoov,7538389637027564856,results_4\taipoov\7538389637027564856\frames\7538389637027564856_frame_02.png,male,0.978
taipoov,7538389637027564856,results_4\taipoov\7538389637027564856\frames\7538389637027564856_frame_03.png,male,0.9922
taipoov,7538389637027564856,results_4\taipoov\7538389637027564856\frames\7538389637027564856_frame_04.png,male,0.9821
taipoov,7538413853533687046,results_4\taipoov\7538413853533687046\frames\7538413853533687046_frame_01.png,male,0.9948
taipoov,7538413853533687046,results_4\taipoov\7538413853533687046\frames\7538413853533687046_frame_02.png,female,0.9874
taipoov,7538413853533687046,results_4\taipoov\7538413853533687046\frames\7538413853533687046_frame_03.png,female,0.9879
taipoov,7538413853533687046,results_4\taipoov\7538413853533687046\frames\7538413853533687046_frame_04.png,female,0.9926
tashaeliett,7536862635233381645,results_4\tashaeliett\7536862635233381645\frames\7536862635233381645_frame_01.png,female,0.7526
tashaeliett,7536862635233381645,results_4\tashaeliett\7536862635233381645\frames\7536862635233381645_frame_02.png,female,0.8072
tashaeliett,7536862635233381645,results_4\tashaeliett\7536862635233381645\frames\7536862635233381645_frame_03.png,female,0.938
tashaeliett,7536862635233381645,results_4\tashaeliett\7536862635233381645\frames\7536862635233381645_frame_04.png,female,0.5538
tashaeliett,7537128987936542007,results_4\tashaeliett\7537128987936542007\frames\7537128987936542007_frame_01.png,female,0.9959
tashaeliett,7537128987936542007,results_4\tashaeliett\7537128987936542007\frames\7537128987936542007_frame_02.png,female,0.9938
tashaeliett,7537128987936542007,results_4\tashaeliett\7537128987936542007\frames\7537128987936542007_frame_03.png,female,0.9943
tashaeliett,7537128987936542007,results_4\tashaeliett\7537128987936542007\frames\7537128987936542007_frame_04.png,female,0.9926
tatobalderrama,7536338317940378936,results_4\tatobalderrama\7536338317940378936\frames\7536338317940378936_frame_01.png,male,0.9974
tatobalderrama,7536338317940378936,results_4\tatobalderrama\7536338317940378936\frames\7536338317940378936_frame_02.png,male,0.9965
tatobalderrama,7536338317940378936,results_4\tatobalderrama\7536338317940378936\frames\7536338317940378936_frame_03.png,male,0.9976
tatobalderrama,7536338317940378936,results_4\tatobalderrama\7536338317940378936\frames\7536338317940378936_frame_04.png,male,0.9972
techcraze1,7491315942744427783,results_4\techcraze1\7491315942744427783\frames\7491315942744427783_frame_03.png,male,0.997
techcraze1,7519495474454285575,results_4\techcraze1\7519495474454285575\frames\7519495474454285575_frame_03.png,male,0.9942
techcraze1,7519495474454285575,results_4\techcraze1\7519495474454285575\frames\7519495474454285575_frame_04.png,male,0.9923
techcraze1,7528404097595215122,results_4\techcraze1\7528404097595215122\frames\7528404097595215122_frame_02.png,female,0.9195
techcraze1,7528404097595215122,results_4\techcraze1\7528404097595215122\frames\7528404097595215122_frame_03.png,male,0.9952
techcraze1,7528404097595215122,results_4\techcraze1\7528404097595215122\frames\7528404097595215122_frame_04.png,female,0.9979
techtalkng,7534791325267348742,results_4\techtalkng\7534791325267348742\frames\7534791325267348742_frame_03.png,male,0.9815
techtalkng,7534791325267348742,results_4\techtalkng\7534791325267348742\frames\7534791325267348742_frame_04.png,male,0.9816
techtalkng,7535061295985331461,results_4\techtalkng\7535061295985331461\frames\7535061295985331461_frame_02.png,female,0.9975
techtalkng,7535061295985331461,results_4\techtalkng\7535061295985331461\frames\7535061295985331461_frame_03.png,male,0.9979
techtalkng,7535061295985331461,results_4\techtalkng\7535061295985331461\frames\7535061295985331461_frame_04.png,female,0.9958
techtalkng,7535445152190582021,results_4\techtalkng\7535445152190582021\frames\7535445152190582021_frame_01.png,female,0.9955
techtalkng,7535445152190582021,results_4\techtalkng\7535445152190582021\frames\7535445152190582021_frame_02.png,female,0.9931
techtalkng,7535445152190582021,results_4\techtalkng\7535445152190582021\frames\7535445152190582021_frame_03.png,female,0.9914
thanhxuan1209,7511686949384539410,results_4\thanhxuan1209\7511686949384539410\frames\7511686949384539410_frame_01.png,female,0.9978
thanhxuan1209,7511686949384539410,results_4\thanhxuan1209\7511686949384539410\frames\7511686949384539410_frame_02.png,female,0.9976
thanhxuan1209,7511686949384539410,results_4\thanhxuan1209\7511686949384539410\frames\7511686949384539410_frame_04.png,female,0.9971
thantamthao47,7538352969742404872,results_4\thantamthao47\7538352969742404872\frames\7538352969742404872_frame_01.png,female,0.9962
thantamthao47,7538352969742404872,results_4\thantamthao47\7538352969742404872\frames\7538352969742404872_frame_02.png,female,0.9973
thantamthao47,7538352969742404872,results_4\thantamthao47\7538352969742404872\frames\7538352969742404872_frame_03.png,female,0.99
thantamthao47,7538352969742404872,results_4\thantamthao47\7538352969742404872\frames\7538352969742404872_frame_04.png,female,0.998
thatandu,7538449762240990486,results_4\thatandu\7538449762240990486\frames\7538449762240990486_frame_01.png,male,0.9882
thatandu,7538449762240990486,results_4\thatandu\7538449762240990486\frames\7538449762240990486_frame_02.png,male,0.951
thatandu,7538466506678521110,results_4\thatandu\7538466506678521110\frames\7538466506678521110_frame_01.png,male,0.9945
thatandu,7538466506678521110,results_4\thatandu\7538466506678521110\frames\7538466506678521110_frame_02.png,male,0.9968
thatandu,7538543182276136214,results_4\thatandu\7538543182276136214\frames\7538543182276136214_frame_01.png,male,0.9767
thatandu,7538543182276136214,results_4\thatandu\7538543182276136214\frames\7538543182276136214_frame_02.png,male,0.9911
thatandu,7538543182276136214,results_4\thatandu\7538543182276136214\frames\7538543182276136214_frame_03.png,male,0.989
thatandu,7538543182276136214,results_4\thatandu\7538543182276136214\frames\7538543182276136214_frame_04.png,male,0.9704
thatguywhoduets,7522325947022888198,results_4\thatguywhoduets\7522325947022888198\frames\7522325947022888198_frame_01.png,male,0.9974
thatguywhoduets,7522325947022888198,results_4\thatguywhoduets\7522325947022888198\frames\7522325947022888198_frame_02.png,male,0.998
thatguywhoduets,7522325947022888198,results_4\thatguywhoduets\7522325947022888198\frames\7522325947022888198_frame_03.png,male,0.9979
thatguywhoduets,7522325947022888198,results_4\thatguywhoduets\7522325947022888198\frames\7522325947022888198_frame_04.png,male,0.9978
thatguywhoduets,7522699961948065080,results_4\thatguywhoduets\7522699961948065080\frames\7522699961948065080_frame_01.png,male,0.9974
thatguywhoduets,7522699961948065080,results_4\thatguywhoduets\7522699961948065080\frames\7522699961948065080_frame_02.png,male,0.9976
thatguywhoduets,7522699961948065080,results_4\thatguywhoduets\7522699961948065080\frames\7522699961948065080_frame_03.png,male,0.9975
thatguywhoduets,7522699961948065080,results_4\thatguywhoduets\7522699961948065080\frames\7522699961948065080_frame_04.png,male,0.9979
thatguywhoduets,7523071396977609990,results_4\thatguywhoduets\7523071396977609990\frames\7523071396977609990_frame_01.png,male,0.9975
thatguywhoduets,7523071396977609990,results_4\thatguywhoduets\7523071396977609990\frames\7523071396977609990_frame_02.png,male,0.9974
thatguywhoduets,7523071396977609990,results_4\thatguywhoduets\7523071396977609990\frames\7523071396977609990_frame_03.png,male,0.9975
thatguywhoduets,7523071396977609990,results_4\thatguywhoduets\7523071396977609990\frames\7523071396977609990_frame_04.png,male,0.9975
theabernice_,7531583262435691781,results_4\theabernice_\7531583262435691781\frames\7531583262435691781_frame_01.png,female,0.9977
theabernice_,7531583262435691781,results_4\theabernice_\7531583262435691781\frames\7531583262435691781_frame_02.png,female,0.9971
theabernice_,7531583262435691781,results_4\theabernice_\7531583262435691781\frames\7531583262435691781_frame_03.png,female,0.997
theabernice_,7531583262435691781,results_4\theabernice_\7531583262435691781\frames\7531583262435691781_frame_04.png,female,0.9979
theabernice_,7533620725379337478,results_4\theabernice_\7533620725379337478\frames\7533620725379337478_frame_01.png,female,0.992
theabernice_,7533620725379337478,results_4\theabernice_\7533620725379337478\frames\7533620725379337478_frame_02.png,female,0.9969
thegeomedic,7442302373634018578,results_4\thegeomedic\7442302373634018578\frames\7442302373634018578_frame_01.png,male,0.9967
thegeomedic,7442302373634018578,results_4\thegeomedic\7442302373634018578\frames\7442302373634018578_frame_02.png,male,0.9954
thegeomedic,7442302373634018578,results_4\thegeomedic\7442302373634018578\frames\7442302373634018578_frame_03.png,male,0.997
thegeomedic,7442302373634018578,results_4\thegeomedic\7442302373634018578\frames\7442302373634018578_frame_04.png,male,0.995
thegeomedic,7455147690352020744,results_4\thegeomedic\7455147690352020744\frames\7455147690352020744_frame_01.png,male,0.9969
thegeomedic,7455147690352020744,results_4\thegeomedic\7455147690352020744\frames\7455147690352020744_frame_02.png,male,0.9954
thegeomedic,7455147690352020744,results_4\thegeomedic\7455147690352020744\frames\7455147690352020744_frame_03.png,male,0.9956
thegeomedic,7455147690352020744,results_4\thegeomedic\7455147690352020744\frames\7455147690352020744_frame_04.png,male,0.9964
thepandaman_official,7535588896546098446,results_4\thepandaman_official\7535588896546098446\frames\7535588896546098446_frame_03.png,male,0.9972
thepandaman_official,7535588896546098446,results_4\thepandaman_official\7535588896546098446\frames\7535588896546098446_frame_04.png,male,0.9965
thepandaman_official,7537386447855160607,results_4\thepandaman_official\7537386447855160607\frames\7537386447855160607_frame_01.png,male,0.997
thepandaman_official,7537386447855160607,results_4\thepandaman_official\7537386447855160607\frames\7537386447855160607_frame_02.png,male,0.9968
thepandaman_official,7537386447855160607,results_4\thepandaman_official\7537386447855160607\frames\7537386447855160607_frame_03.png,male,0.9967
thepandaman_official,7537386447855160607,results_4\thepandaman_official\7537386447855160607\frames\7537386447855160607_frame_04.png,male,0.9971
thepandaman_official,7537818719645469966,results_4\thepandaman_official\7537818719645469966\frames\7537818719645469966_frame_02.png,female,0.998
thepandaman_official,7537818719645469966,results_4\thepandaman_official\7537818719645469966\frames\7537818719645469966_frame_03.png,male,0.9974
thepandaman_official,7537818719645469966,results_4\thepandaman_official\7537818719645469966\frames\7537818719645469966_frame_04.png,male,0.9976
theukphonefixer,7231662643067489562,results_4\theukphonefixer\7231662643067489562\frames\7231662643067489562_frame_02.png,male,0.7359
theukphonefixer,7369235543726640416,results_4\theukphonefixer\7369235543726640416\frames\7369235543726640416_frame_02.png,male,0.5871
tiktok.tabbi,7530361966880214285,results_4\tiktok.tabbi\7530361966880214285\frames\7530361966880214285_frame_01.png,female,0.9821
tiktok.tabbi,7530361966880214285,results_4\tiktok.tabbi\7530361966880214285\frames\7530361966880214285_frame_02.png,female,0.9827
tiktok.tabbi,7530361966880214285,results_4\tiktok.tabbi\7530361966880214285\frames\7530361966880214285_frame_03.png,female,0.9958
tiktok.tabbi,7530361966880214285,results_4\tiktok.tabbi\7530361966880214285\frames\7530361966880214285_frame_04.png,female,0.9952
tiktok.tabbi,7530775204759424269,results_4\tiktok.tabbi\7530775204759424269\frames\7530775204759424269_frame_01.png,female,0.9328
tiktok.tabbi,7530775204759424269,results_4\tiktok.tabbi\7530775204759424269\frames\7530775204759424269_frame_02.png,female,0.9969
tiktok.tabbi,7530775204759424269,results_4\tiktok.tabbi\7530775204759424269\frames\7530775204759424269_frame_03.png,female,0.9973
tiktok.tabbi,7530775204759424269,results_4\tiktok.tabbi\7530775204759424269\frames\7530775204759424269_frame_04.png,male,0.8095
tiktok.tabbi,7532938318493797687,results_4\tiktok.tabbi\7532938318493797687\frames\7532938318493797687_frame_01.png,female,0.9924
tiktok.tabbi,7532938318493797687,results_4\tiktok.tabbi\7532938318493797687\frames\7532938318493797687_frame_04.png,female,0.6975
tipsfromdeadpeople,7505131489986645278,results_4\tipsfromdeadpeople\7505131489986645278\frames\7505131489986645278_frame_02.png,male,0.997
tipsfromdeadpeople,7505131489986645278,results_4\tipsfromdeadpeople\7505131489986645278\frames\7505131489986645278_frame_03.png,male,0.9901
tipsfromdeadpeople,7505131489986645278,results_4\tipsfromdeadpeople\7505131489986645278\frames\7505131489986645278_frame_04.png,male,0.9971
tipsfromdeadpeople,7514771921943252255,results_4\tipsfromdeadpeople\7514771921943252255\frames\7514771921943252255_frame_01.png,female,0.7976
tipsfromdeadpeople,7514771921943252255,results_4\tipsfromdeadpeople\7514771921943252255\frames\7514771921943252255_frame_02.png,female,0.6187
tipsfromdeadpeople,7514771921943252255,results_4\tipsfromdeadpeople\7514771921943252255\frames\7514771921943252255_frame_03.png,female,0.6808
tipsfromdeadpeople,7514771921943252255,results_4\tipsfromdeadpeople\7514771921943252255\frames\7514771921943252255_frame_04.png,female,0.6864
tipsfromdeadpeople,7520718549418102046,results_4\tipsfromdeadpeople\7520718549418102046\frames\7520718549418102046_frame_01.png,female,0.9971
tipsfromdeadpeople,7520718549418102046,results_4\tipsfromdeadpeople\7520718549418102046\frames\7520718549418102046_frame_02.png,female,0.996
tipsfromdeadpeople,7520718549418102046,results_4\tipsfromdeadpeople\7520718549418102046\frames\7520718549418102046_frame_03.png,female,0.9925
tipsfromdeadpeople,7520718549418102046,results_4\tipsfromdeadpeople\7520718549418102046\frames\7520718549418102046_frame_04.png,female,0.9961
tokimino8236,7154675959914941723,results_4\tokimino8236\7154675959914941723\frames\7154675959914941723_frame_01.png,female,0.9938
tokimino8236,7154675959914941723,results_4\tokimino8236\7154675959914941723\frames\7154675959914941723_frame_02.png,female,0.9381
tokimino8236,7154675959914941723,results_4\tokimino8236\7154675959914941723\frames\7154675959914941723_frame_03.png,female,0.9953
tokimino8236,7154675959914941723,results_4\tokimino8236\7154675959914941723\frames\7154675959914941723_frame_04.png,female,0.9422
tokimino8236,7179551307349380379,results_4\tokimino8236\7179551307349380379\frames\7179551307349380379_frame_01.png,female,0.983
tokimino8236,7179551307349380379,results_4\tokimino8236\7179551307349380379\frames\7179551307349380379_frame_02.png,female,0.9913
tokimino8236,7179551307349380379,results_4\tokimino8236\7179551307349380379\frames\7179551307349380379_frame_03.png,female,0.9958
tokimino8236,7179551307349380379,results_4\tokimino8236\7179551307349380379\frames\7179551307349380379_frame_04.png,female,0.9945
tortoise_walk,7508411451468500231,results_4\tortoise_walk\7508411451468500231\frames\7508411451468500231_frame_01.png,male,0.9679
tortoise_walk,7508411451468500231,results_4\tortoise_walk\7508411451468500231\frames\7508411451468500231_frame_02.png,male,0.9516
tortoise_walk,7508411451468500231,results_4\tortoise_walk\7508411451468500231\frames\7508411451468500231_frame_03.png,male,0.9204
tortoise_walk,7508411451468500231,results_4\tortoise_walk\7508411451468500231\frames\7508411451468500231_frame_04.png,male,0.9861
tortoise_walk,7518296511499848967,results_4\tortoise_walk\7518296511499848967\frames\7518296511499848967_frame_01.png,male,0.9962
tortoise_walk,7518296511499848967,results_4\tortoise_walk\7518296511499848967\frames\7518296511499848967_frame_02.png,male,0.996
tortoise_walk,7518296511499848967,results_4\tortoise_walk\7518296511499848967\frames\7518296511499848967_frame_03.png,male,0.9916
tortoise_walk,7518296511499848967,results_4\tortoise_walk\7518296511499848967\frames\7518296511499848967_frame_04.png,male,0.9963
tranthutrang205,7537686375961742599,results_4\tranthutrang205\7537686375961742599\frames\7537686375961742599_frame_02.png,female,0.9975
tranthutrang205,7537686375961742599,results_4\tranthutrang205\7537686375961742599\frames\7537686375961742599_frame_03.png,female,0.9977
tranthutrang205,7537686375961742599,results_4\tranthutrang205\7537686375961742599\frames\7537686375961742599_frame_04.png,female,0.9979
tranthutrang205,7537919066829229319,results_4\tranthutrang205\7537919066829229319\frames\7537919066829229319_frame_01.png,female,0.9966
tranthutrang205,7537919066829229319,results_4\tranthutrang205\7537919066829229319\frames\7537919066829229319_frame_02.png,female,0.997
tranthutrang205,7537919066829229319,results_4\tranthutrang205\7537919066829229319\frames\7537919066829229319_frame_03.png,female,0.9974
tranthutrang205,7537919066829229319,results_4\tranthutrang205\7537919066829229319\frames\7537919066829229319_frame_04.png,female,0.9965
tranthutrang205,7538105451427237138,results_4\tranthutrang205\7538105451427237138\frames\7538105451427237138_frame_02.png,female,0.9966
tranthutrang205,7538105451427237138,results_4\tranthutrang205\7538105451427237138\frames\7538105451427237138_frame_03.png,female,0.997
tranthutrang205,7538105451427237138,results_4\tranthutrang205\7538105451427237138\frames\7538105451427237138_frame_04.png,female,0.9952
travel_with_hassuoficial,7535569020632714504,results_4\travel_with_hassuoficial\7535569020632714504\frames\7535569020632714504_frame_03.png,female,0.5071
trieukhanhnuhuong,7179076376778116378,results_4\trieukhanhnuhuong\7179076376778116378\frames\7179076376778116378_frame_01.png,male,0.995
trieukhanhnuhuong,7179076376778116378,results_4\trieukhanhnuhuong\7179076376778116378\frames\7179076376778116378_frame_03.png,male,0.9942
trieukhanhnuhuong,7179076376778116378,results_4\trieukhanhnuhuong\7179076376778116378\frames\7179076376778116378_frame_04.png,male,0.9926
trieukhanhnuhuong,7215400761423940891,results_4\trieukhanhnuhuong\7215400761423940891\frames\7215400761423940891_frame_01.png,male,0.9961
trieukhanhnuhuong,7215400761423940891,results_4\trieukhanhnuhuong\7215400761423940891\frames\7215400761423940891_frame_02.png,male,0.9974
trieukhanhnuhuong,7215400761423940891,results_4\trieukhanhnuhuong\7215400761423940891\frames\7215400761423940891_frame_03.png,male,0.9746
trieukhanhnuhuong,7215400761423940891,results_4\trieukhanhnuhuong\7215400761423940891\frames\7215400761423940891_frame_04.png,male,0.9887
trieukhanhnuhuong,7224135544047979781,results_4\trieukhanhnuhuong\7224135544047979781\frames\7224135544047979781_frame_01.png,male,0.9118
trieukhanhnuhuong,7224135544047979781,results_4\trieukhanhnuhuong\7224135544047979781\frames\7224135544047979781_frame_02.png,male,0.9124
trieukhanhnuhuong,7224135544047979781,results_4\trieukhanhnuhuong\7224135544047979781\frames\7224135544047979781_frame_03.png,male,0.9116
trieukhanhnuhuong,7224135544047979781,results_4\trieukhanhnuhuong\7224135544047979781\frames\7224135544047979781_frame_04.png,male,0.8084
tristen.erickson_,7536254893049351438,results_4\tristen.erickson_\7536254893049351438\frames\7536254893049351438_frame_01.png,male,0.9951
tristen.erickson_,7536254893049351438,results_4\tristen.erickson_\7536254893049351438\frames\7536254893049351438_frame_03.png,male,0.9962
tristen.erickson_,7536254893049351438,results_4\tristen.erickson_\7536254893049351438\frames\7536254893049351438_frame_04.png,male,0.9937
tristen.erickson_,7537369376589106446,results_4\tristen.erickson_\7537369376589106446\frames\7537369376589106446_frame_01.png,male,0.9937
tristen.erickson_,7537369376589106446,results_4\tristen.erickson_\7537369376589106446\frames\7537369376589106446_frame_02.png,male,0.9425
tristen.erickson_,7537369376589106446,results_4\tristen.erickson_\7537369376589106446\frames\7537369376589106446_frame_03.png,male,0.9886
tristen.erickson_,7537369376589106446,results_4\tristen.erickson_\7537369376589106446\frames\7537369376589106446_frame_04.png,male,0.9975
tristen.erickson_,7537407476635880759,results_4\tristen.erickson_\7537407476635880759\frames\7537407476635880759_frame_01.png,male,0.6087
tristen.erickson_,7537407476635880759,results_4\tristen.erickson_\7537407476635880759\frames\7537407476635880759_frame_02.png,male,0.9961
tristen.erickson_,7537407476635880759,results_4\tristen.erickson_\7537407476635880759\frames\7537407476635880759_frame_03.png,male,0.9927
trutech,7536440767229807903,results_4\trutech\7536440767229807903\frames\7536440767229807903_frame_02.png,male,0.5042
trutech,7536440767229807903,results_4\trutech\7536440767229807903\frames\7536440767229807903_frame_03.png,female,0.5601
user07824477,7234293072069152007,results_4\user07824477\7234293072069152007\frames\7234293072069152007_frame_01.png,male,0.852
user07824477,7234293072069152007,results_4\user07824477\7234293072069152007\frames\7234293072069152007_frame_02.png,male,0.7888
user07824477,7234293072069152007,results_4\user07824477\7234293072069152007\frames\7234293072069152007_frame_04.png,female,0.6382
vieon.official,7538349480878378295,results_4\vieon.official\7538349480878378295\frames\7538349480878378295_frame_01.png,female,0.9009
vieon.official,7538349480878378295,results_4\vieon.official\7538349480878378295\frames\7538349480878378295_frame_02.png,male,0.9151
vieon.official,7538349480878378295,results_4\vieon.official\7538349480878378295\frames\7538349480878378295_frame_03.png,male,0.7854
vieon.official,7538625667433303310,results_4\vieon.official\7538625667433303310\frames\7538625667433303310_frame_01.png,female,0.9977
vieon.official,7538625667433303310,results_4\vieon.official\7538625667433303310\frames\7538625667433303310_frame_02.png,female,0.9974
vieon.official,7538625667433303310,results_4\vieon.official\7538625667433303310\frames\7538625667433303310_frame_03.png,female,0.9979
vieon.official,7538625667433303310,results_4\vieon.official\7538625667433303310\frames\7538625667433303310_frame_04.png,female,0.9978
vieon.official,7538706310108384525,results_4\vieon.official\7538706310108384525\frames\7538706310108384525_frame_01.png,female,0.9976
vieon.official,7538706310108384525,results_4\vieon.official\7538706310108384525\frames\7538706310108384525_frame_02.png,female,0.9958
vieon.official,7538706310108384525,results_4\vieon.official\7538706310108384525\frames\7538706310108384525_frame_03.png,female,0.9967
vieon.official,7538706310108384525,results_4\vieon.official\7538706310108384525\frames\7538706310108384525_frame_04.png,female,0.991
vitoriamassarico,7519582884953476357,results_4\vitoriamassarico\7519582884953476357\frames\7519582884953476357_frame_01.png,female,0.9979
vitoriamassarico,7519582884953476357,results_4\vitoriamassarico\7519582884953476357\frames\7519582884953476357_frame_02.png,female,0.998
vitoriamassarico,7519582884953476357,results_4\vitoriamassarico\7519582884953476357\frames\7519582884953476357_frame_03.png,female,0.9979
vitoriamassarico,7519582884953476357,results_4\vitoriamassarico\7519582884953476357\frames\7519582884953476357_frame_04.png,female,0.9977
vitoriamassarico,7520323172973989125,results_4\vitoriamassarico\7520323172973989125\frames\7520323172973989125_frame_01.png,female,0.9954
vitoriamassarico,7520323172973989125,results_4\vitoriamassarico\7520323172973989125\frames\7520323172973989125_frame_02.png,female,0.9972
vitoriamassarico,7520323172973989125,results_4\vitoriamassarico\7520323172973989125\frames\7520323172973989125_frame_03.png,female,0.9965
vitoriamassarico,7520323172973989125,results_4\vitoriamassarico\7520323172973989125\frames\7520323172973989125_frame_04.png,female,0.9965
vitoriamassarico,7533395480991124741,results_4\vitoriamassarico\7533395480991124741\frames\7533395480991124741_frame_03.png,female,0.9975
vitoriamassarico,7533395480991124741,results_4\vitoriamassarico\7533395480991124741\frames\7533395480991124741_frame_04.png,female,0.9969
walid_alsaleh,7527344126212197650,results_4\walid_alsaleh\7527344126212197650\frames\7527344126212197650_frame_01.png,male,0.9982
walid_alsaleh,7527344126212197650,results_4\walid_alsaleh\7527344126212197650\frames\7527344126212197650_frame_02.png,male,0.9983
walid_alsaleh,7527344126212197650,results_4\walid_alsaleh\7527344126212197650\frames\7527344126212197650_frame_03.png,male,0.9984
walid_alsaleh,7527344126212197650,results_4\walid_alsaleh\7527344126212197650\frames\7527344126212197650_frame_04.png,male,0.9983
walid_alsaleh,7528084890970115336,results_4\walid_alsaleh\7528084890970115336\frames\7528084890970115336_frame_01.png,male,0.9982
walid_alsaleh,7528084890970115336,results_4\walid_alsaleh\7528084890970115336\frames\7528084890970115336_frame_02.png,male,0.9978
walid_alsaleh,7528084890970115336,results_4\walid_alsaleh\7528084890970115336\frames\7528084890970115336_frame_03.png,male,0.998
walid_alsaleh,7528084890970115336,results_4\walid_alsaleh\7528084890970115336\frames\7528084890970115336_frame_04.png,male,0.9979
watan9464,7536340130831879446,results_4\watan9464\7536340130831879446\frames\7536340130831879446_frame_01.png,male,0.9968
watan9464,7536340130831879446,results_4\watan9464\7536340130831879446\frames\7536340130831879446_frame_02.png,male,0.9972
watan9464,7536340130831879446,results_4\watan9464\7536340130831879446\frames\7536340130831879446_frame_03.png,male,0.9968
watan9464,7536340130831879446,results_4\watan9464\7536340130831879446\frames\7536340130831879446_frame_04.png,male,0.997
watan9464,7536617308760837398,results_4\watan9464\7536617308760837398\frames\7536617308760837398_frame_01.png,male,0.995
watan9464,7536617308760837398,results_4\watan9464\7536617308760837398\frames\7536617308760837398_frame_02.png,male,0.9965
watan9464,7536617308760837398,results_4\watan9464\7536617308760837398\frames\7536617308760837398_frame_03.png,male,0.9966
watan9464,7536617308760837398,results_4\watan9464\7536617308760837398\frames\7536617308760837398_frame_04.png,male,0.9943
watan9464,7538478894882589974,results_4\watan9464\7538478894882589974\frames\7538478894882589974_frame_01.png,male,0.9982
watan9464,7538478894882589974,results_4\watan9464\7538478894882589974\frames\7538478894882589974_frame_02.png,male,0.9983
watan9464,7538478894882589974,results_4\watan9464\7538478894882589974\frames\7538478894882589974_frame_04.png,male,0.9979
weddingplanner.veracruz,7516891825530162440,results_4\weddingplanner.veracruz\7516891825530162440\frames\7516891825530162440_frame_01.png,male,0.6049
weddingplanner.veracruz,7516891825530162440,results_4\weddingplanner.veracruz\7516891825530162440\frames\7516891825530162440_frame_02.png,female,0.564
weddingplanner.veracruz,7516891825530162440,results_4\weddingplanner.veracruz\7516891825530162440\frames\7516891825530162440_frame_03.png,male,0.5409
wiambaashar1,7533702483533729038,results_4\wiambaashar1\7533702483533729038\frames\7533702483533729038_frame_01.png,female,0.998
wiambaashar1,7533702483533729038,results_4\wiambaashar1\7533702483533729038\frames\7533702483533729038_frame_02.png,female,0.9978
wiambaashar1,7533702483533729038,results_4\wiambaashar1\7533702483533729038\frames\7533702483533729038_frame_03.png,female,0.9978
wiambaashar1,7533702483533729038,results_4\wiambaashar1\7533702483533729038\frames\7533702483533729038_frame_04.png,female,0.9978
wiambaashar1,7538469636455632183,results_4\wiambaashar1\7538469636455632183\frames\7538469636455632183_frame_01.png,female,0.9977
wiambaashar1,7538469636455632183,results_4\wiambaashar1\7538469636455632183\frames\7538469636455632183_frame_02.png,female,0.9981
wiambaashar1,7538469636455632183,results_4\wiambaashar1\7538469636455632183\frames\7538469636455632183_frame_03.png,female,0.9982
wiambaashar1,7538469636455632183,results_4\wiambaashar1\7538469636455632183\frames\7538469636455632183_frame_04.png,female,0.9982
woke_reg,7537601007140834574,results_4\woke_reg\7537601007140834574\frames\7537601007140834574_frame_04.png,male,0.9969
woke_reg,7537803445030489357,results_4\woke_reg\7537803445030489357\frames\7537803445030489357_frame_03.png,male,0.996
woke_reg,7537803445030489357,results_4\woke_reg\7537803445030489357\frames\7537803445030489357_frame_04.png,male,0.9967
woke_reg,7538304337458580750,results_4\woke_reg\7538304337458580750\frames\7538304337458580750_frame_01.png,male,0.9884
woke_reg,7538304337458580750,results_4\woke_reg\7538304337458580750\frames\7538304337458580750_frame_02.png,male,0.9929
woke_reg,7538304337458580750,results_4\woke_reg\7538304337458580750\frames\7538304337458580750_frame_03.png,male,0.9942
woke_reg,7538304337458580750,results_4\woke_reg\7538304337458580750\frames\7538304337458580750_frame_04.png,male,0.9943
wyamarce,7536019591475039518,results_4\wyamarce\7536019591475039518\frames\7536019591475039518_frame_01.png,male,0.9956
wyamarce,7536019591475039518,results_4\wyamarce\7536019591475039518\frames\7536019591475039518_frame_02.png,male,0.9694
wyamarce,7536019591475039518,results_4\wyamarce\7536019591475039518\frames\7536019591475039518_frame_03.png,male,0.9961
wyamarce,7536019591475039518,results_4\wyamarce\7536019591475039518\frames\7536019591475039518_frame_04.png,male,0.986
wyamarce,7536301396690210079,results_4\wyamarce\7536301396690210079\frames\7536301396690210079_frame_01.png,male,0.9896
wyamarce,7536301396690210079,results_4\wyamarce\7536301396690210079\frames\7536301396690210079_frame_02.png,male,0.9902
wyamarce,7536301396690210079,results_4\wyamarce\7536301396690210079\frames\7536301396690210079_frame_04.png,male,0.8843
xmaciek00,7535770628591275286,results_4\xmaciek00\7535770628591275286\frames\7535770628591275286_frame_01.png,male,0.992
xmaciek00,7535770628591275286,results_4\xmaciek00\7535770628591275286\frames\7535770628591275286_frame_02.png,male,0.9933
xmaciek00,7535770628591275286,results_4\xmaciek00\7535770628591275286\frames\7535770628591275286_frame_03.png,male,0.9932
xmaciek00,7535770628591275286,results_4\xmaciek00\7535770628591275286\frames\7535770628591275286_frame_04.png,male,0.9963
xmaciek00,7536985554219437334,results_4\xmaciek00\7536985554219437334\frames\7536985554219437334_frame_01.png,male,0.9972
xmaciek00,7536985554219437334,results_4\xmaciek00\7536985554219437334\frames\7536985554219437334_frame_02.png,male,0.9977
xmaciek00,7536985554219437334,results_4\xmaciek00\7536985554219437334\frames\7536985554219437334_frame_03.png,male,0.9977
xmaciek00,7536985554219437334,results_4\xmaciek00\7536985554219437334\frames\7536985554219437334_frame_04.png,male,0.9977
xmaciek00,7537749397237419286,results_4\xmaciek00\7537749397237419286\frames\7537749397237419286_frame_01.png,male,0.9944
xmaciek00,7537749397237419286,results_4\xmaciek00\7537749397237419286\frames\7537749397237419286_frame_02.png,male,0.9921
xmaciek00,7537749397237419286,results_4\xmaciek00\7537749397237419286\frames\7537749397237419286_frame_03.png,male,0.9949
xmaciek00,7537749397237419286,results_4\xmaciek00\7537749397237419286\frames\7537749397237419286_frame_04.png,male,0.9961
yosoylauniversa,7532941379375353096,results_4\yosoylauniversa\7532941379375353096\frames\7532941379375353096_frame_01.png,female,0.9925
yosoylauniversa,7532941379375353096,results_4\yosoylauniversa\7532941379375353096\frames\7532941379375353096_frame_02.png,female,0.9971
yosoylauniversa,7532941379375353096,results_4\yosoylauniversa\7532941379375353096\frames\7532941379375353096_frame_03.png,female,0.9972
yosoylauniversa,7532941379375353096,results_4\yosoylauniversa\7532941379375353096\frames\7532941379375353096_frame_04.png,female,0.997
yosoylauniversa,7533304989192654087,results_4\yosoylauniversa\7533304989192654087\frames\7533304989192654087_frame_01.png,female,0.9977
yosoylauniversa,7533304989192654087,results_4\yosoylauniversa\7533304989192654087\frames\7533304989192654087_frame_02.png,female,0.9919
yosoylauniversa,7533304989192654087,results_4\yosoylauniversa\7533304989192654087\frames\7533304989192654087_frame_03.png,female,0.989
yosoylauniversa,7533304989192654087,results_4\yosoylauniversa\7533304989192654087\frames\7533304989192654087_frame_04.png,female,0.9963
yosoylauniversa,7533348051277155602,results_4\yosoylauniversa\7533348051277155602\frames\7533348051277155602_frame_01.png,female,0.9977
yosoylauniversa,7533348051277155602,results_4\yosoylauniversa\7533348051277155602\frames\7533348051277155602_frame_02.png,female,0.998
yosoylauniversa,7533348051277155602,results_4\yosoylauniversa\7533348051277155602\frames\7533348051277155602_frame_03.png,female,0.9975
yosoylauniversa,7533348051277155602,results_4\yosoylauniversa\7533348051277155602\frames\7533348051277155602_frame_04.png,female,0.9978
younesidrissi_,7529819883861724449,results_4\younesidrissi_\7529819883861724449\frames\7529819883861724449_frame_01.png,female,0.9963
younesidrissi_,7529819883861724449,results_4\younesidrissi_\7529819883861724449\frames\7529819883861724449_frame_02.png,female,0.9919
younesidrissi_,7529819883861724449,results_4\younesidrissi_\7529819883861724449\frames\7529819883861724449_frame_03.png,male,0.804
younesidrissi_,7529819883861724449,results_4\younesidrissi_\7529819883861724449\frames\7529819883861724449_frame_04.png,female,0.9927
younesidrissi_,7530670542454541601,results_4\younesidrissi_\7530670542454541601\frames\7530670542454541601_frame_01.png,female,0.9714
younesidrissi_,7530670542454541601,results_4\younesidrissi_\7530670542454541601\frames\7530670542454541601_frame_02.png,female,0.9943
younesidrissi_,7530670542454541601,results_4\younesidrissi_\7530670542454541601\frames\7530670542454541601_frame_03.png,female,0.9958
younesidrissi_,7530670542454541601,results_4\younesidrissi_\7530670542454541601\frames\7530670542454541601_frame_04.png,female,0.996
younesidrissi_,7532172462549765408,results_4\younesidrissi_\7532172462549765408\frames\7532172462549765408_frame_01.png,male,0.9869
younesidrissi_,7532172462549765408,results_4\younesidrissi_\7532172462549765408\frames\7532172462549765408_frame_02.png,male,0.8989
younesidrissi_,7532172462549765408,results_4\younesidrissi_\7532172462549765408\frames\7532172462549765408_frame_03.png,male,0.8545
younesidrissi_,7532172462549765408,results_4\younesidrissi_\7532172462549765408\frames\7532172462549765408_frame_04.png,male,0.593
yulia_chash,7531493150800612613,results_4\yulia_chash\7531493150800612613\frames\7531493150800612613_frame_01.png,female,0.9976
yulia_chash,7531493150800612613,results_4\yulia_chash\7531493150800612613\frames\7531493150800612613_frame_02.png,female,0.9971
yulia_chash,7531493150800612613,results_4\yulia_chash\7531493150800612613\frames\7531493150800612613_frame_03.png,female,0.9975
yulia_chash,7531493150800612613,results_4\yulia_chash\7531493150800612613\frames\7531493150800612613_frame_04.png,female,0.6172
yulia_chash,7535357320675527942,results_4\yulia_chash\7535357320675527942\frames\7535357320675527942_frame_01.png,female,0.998
yulia_chash,7535357320675527942,results_4\yulia_chash\7535357320675527942\frames\7535357320675527942_frame_02.png,female,0.998
yulia_chash,7535357320675527942,results_4\yulia_chash\7535357320675527942\frames\7535357320675527942_frame_03.png,female,0.998
yulia_chash,7535357320675527942,results_4\yulia_chash\7535357320675527942\frames\7535357320675527942_frame_04.png,female,0.9976
yulia_chash,7537599370733096198,results_4\yulia_chash\7537599370733096198\frames\7537599370733096198_frame_01.png,female,0.9973
yulia_chash,7537599370733096198,results_4\yulia_chash\7537599370733096198\frames\7537599370733096198_frame_02.png,female,0.9805
yulia_chash,7537599370733096198,results_4\yulia_chash\7537599370733096198\frames\7537599370733096198_frame_03.png,female,0.9963
yulia_chash,7537599370733096198,results_4\yulia_chash\7537599370733096198\frames\7537599370733096198_frame_04.png,female,0.9973
zanysena,7532974106426297613,results_4\zanysena\7532974106426297613\frames\7532974106426297613_frame_01.png,female,0.9937
zanysena,7532974106426297613,results_4\zanysena\7532974106426297613\frames\7532974106426297613_frame_02.png,female,0.9978
zanysena,7532974106426297613,results_4\zanysena\7532974106426297613\frames\7532974106426297613_frame_03.png,female,0.9964
zanysena,7532974106426297613,results_4\zanysena\7532974106426297613\frames\7532974106426297613_frame_04.png,female,0.9971
zanysena,7533721075583028493,results_4\zanysena\7533721075583028493\frames\7533721075583028493_frame_01.png,female,0.994
zanysena,7533721075583028493,results_4\zanysena\7533721075583028493\frames\7533721075583028493_frame_03.png,female,0.9929
zanysena,7533721075583028493,results_4\zanysena\7533721075583028493\frames\7533721075583028493_frame_04.png,female,0.9976
zanysena,7534832382420012301,results_4\zanysena\7534832382420012301\frames\7534832382420012301_frame_01.png,female,0.998
zanysena,7534832382420012301,results_4\zanysena\7534832382420012301\frames\7534832382420012301_frame_02.png,female,0.9975
zanysena,7534832382420012301,results_4\zanysena\7534832382420012301\frames\7534832382420012301_frame_03.png,female,0.9973
zanysena,7534832382420012301,results_4\zanysena\7534832382420012301\frames\7534832382420012301_frame_04.png,female,0.9976
zyad_tasty,7535430551826648325,results_4\zyad_tasty\7535430551826648325\frames\7535430551826648325_frame_01.png,male,0.5795
zyad_tasty,7538028121568627974,results_4\zyad_tasty\7538028121568627974\frames\7538028121568627974_frame_01.png,male,0.5386
zyad_tasty,7538028121568627974,results_4\zyad_tasty\7538028121568627974\frames\7538028121568627974_frame_02.png,male,0.6576
